state,vertex,lat,lon
Alaska,0,70.0187,-141.0205
Alaska,1,70.1292,-141.7291
Alaska,2,70.4515,-144.8163
Alaska,3,70.7471,-148.4583
Alaska,4,70.7923,-151.1609
Alaska,5,71.1470,-152.6221
Alaska,6,71.1185,-153.9954
Alaska,7,71.4307,-154.8853
Alaska,8,71.5232,-156.7529
Alaska,9,71.2796,-157.9449
Alaska,10,71.2249,-159.6313
Alaska,11,70.6363,-161.8671
Alaska,12,70.0843,-163.5809
Alaska,13,69.3028,-165.2399
Alaska,14,69.1782,-166.8768
Alaska,15,68.3344,-168.0414
Alaska,16,67.6844,-165.9155
Alaska,17,67.2933,-164.6082
Alaska,18,66.7789,-164.0149
Alaska,19,66.5810,-165.7507
Alaska,20,66.2867,-167.5745
Alaska,21,66.0269,-168.9862
Alaska,22,65.4970,-168.9478
Alaska,23,65.0420,-167.4756
Alaska,24,64.3922,-167.0142
Alaska,25,64.0554,-165.7343
Alaska,26,64.0193,-163.2294
Alaska,27,63.9615,-162.1143
Alaska,28,63.6877,-163.6029
Alaska,29,63.4530,-165.3717
Alaska,30,62.4133,-166.3715
Alaska,31,61.6534,-166.9867
Alaska,32,60.8556,-166.4429
Alaska,33,60.5357,-167.8381
Alaska,34,59.5482,-167.7118
Alaska,35,59.4115,-165.8002
Alaska,36,59.3696,-164.5972
Alaska,37,59.1168,-162.8558
Alaska,38,58.1185,-162.5427
Alaska,39,58.1359,-160.6421
Alaska,40,58.0285,-159.5050
Alaska,41,57.6336,-158.8953
Alaska,42,56.9090,-159.9060
Alaska,43,56.3926,-160.6531
Alaska,44,56.2342,-161.8835
Alaska,45,55.7240,-162.9822
Alaska,46,55.2478,-164.3994
Alaska,47,54.7753,-165.3168
Alaska,48,54.1463,-167.1075
Alaska,49,53.5632,-168.5852
Alaska,50,53.1402,-169.9146
Alaska,51,52.5964,-169.5959
Alaska,52,52.9089,-168.2227
Alaska,53,54.2139,-162.7734
Alaska,54,54.6786,-159.1452
Alaska,55,55.6567,-155.4634
Alaska,56,57.3510,-152.1400
Alaska,57,59.2209,-150.8203
Alaska,58,59.7695,-147.4461
Alaska,59,60.3521,-145.9850
Alaska,60,59.8917,-144.1544
Alaska,61,59.8172,-141.6811
Alaska,62,59.5225,-140.5124
Alaska,63,59.0292,-138.8548
Alaska,64,57.9032,-136.8526
Alaska,65,56.9157,-136.0725
Alaska,66,56.1555,-134.9794
Alaska,67,55.3237,-134.0057
Alaska,68,54.6341,-133.6418
Alaska,69,54.7135,-130.6261
Alaska,70,55.2869,-129.9930
Alaska,71,55.9869,-130.0108
Alaska,72,56.1057,-130.1083
Alaska,73,56.6086,-131.5887
Alaska,74,57.8404,-132.8755
Alaska,75,58.7276,-133.8423
Alaska,76,59.3108,-134.9121
Alaska,77,59.8020,-135.4724
Alaska,78,59.6039,-136.3445
Alaska,79,59.1619,-136.8251
Alaska,80,59.2441,-137.6079
Alaska,81,60.0902,-139.2119
Alaska,82,60.3575,-139.0938
Alaska,83,60.1866,-140.0056
Alaska,84,60.3059,-140.9999
Alaska,85,70.0187,-141.0205
Alabama,0,35.0041,-88.1955
Alabama,1,34.9918,-85.6068
Alabama,2,32.8404,-85.1756
Alabama,3,32.2593,-84.8927
Alabama,4,32.1535,-85.0342
Alabama,5,31.7947,-85.1358
Alabama,6,31.5200,-85.0438
Alabama,7,31.3384,-85.0836
Alabama,8,31.2093,-85.1070
Alabama,9,31.0023,-84.9944
Alabama,10,30.9953,-87.6009
Alabama,11,30.9423,-87.5926
Alabama,12,30.8539,-87.6256
Alabama,13,30.6745,-87.4072
Alabama,14,30.4404,-87.3688
Alabama,15,30.1463,-87.5240
Alabama,16,30.1546,-88.3864
Alabama,17,31.8939,-88.4743
Alabama,18,34.8938,-88.1021
Alabama,19,34.9479,-88.1721
Alabama,20,34.9107,-88.1461
Arkansas,0,33.0225,-94.0416
Arkansas,1,33.0075,-91.2057
Arkansas,2,33.1180,-91.1989
Arkansas,3,33.1824,-91.1041
Arkansas,4,33.3053,-91.1343
Arkansas,5,33.4211,-91.1646
Arkansas,6,33.4337,-91.2263
Arkansas,7,33.5403,-91.2524
Arkansas,8,33.6112,-91.1797
Arkansas,9,33.6855,-91.2524
Arkansas,10,33.6946,-91.1261
Arkansas,11,33.7883,-91.1412
Arkansas,12,33.7700,-91.0451
Arkansas,13,33.8328,-91.0341
Arkansas,14,33.9399,-91.0863
Arkansas,15,34.0208,-90.9256
Arkansas,16,34.0856,-90.9036
Arkansas,17,34.1345,-90.9586
Arkansas,18,34.1675,-90.9132
Arkansas,19,34.1380,-90.8501
Arkansas,20,34.2311,-90.9325
Arkansas,21,34.3446,-90.6935
Arkansas,22,34.4409,-90.5603
Arkansas,23,34.5348,-90.5548
Arkansas,24,34.5959,-90.5768
Arkansas,25,34.7213,-90.5301
Arkansas,26,34.7574,-90.5328
Arkansas,27,34.8780,-90.4546
Arkansas,28,34.8454,-90.3529
Arkansas,29,34.8690,-90.2911
Arkansas,30,35.0255,-90.3104
Arkansas,31,35.1154,-90.2843
Arkansas,32,35.1323,-90.1772
Arkansas,33,35.1985,-90.1112
Arkansas,34,35.2826,-90.1524
Arkansas,35,35.4383,-90.1332
Arkansas,36,35.5579,-90.0206
Arkansas,37,35.6740,-89.9780
Arkansas,38,35.7287,-89.9547
Arkansas,39,35.9169,-89.6594
Arkansas,40,35.9658,-89.6883
Arkansas,41,36.0013,-89.7130
Arkansas,42,35.9958,-90.3735
Arkansas,43,36.1268,-90.2664
Arkansas,44,36.2875,-90.0934
Arkansas,45,36.3892,-90.0742
Arkansas,46,36.4180,-90.1511
Arkansas,47,36.4997,-90.1566
Arkansas,48,36.4986,-94.6198
Arkansas,49,35.3801,-94.4412
Arkansas,50,33.6318,-94.4893
Arkansas,51,33.6421,-94.4522
Arkansas,52,33.5597,-94.4000
Arkansas,53,33.5883,-94.2462
Arkansas,54,33.5872,-94.1885
Arkansas,55,33.5345,-94.0375
Arkansas,56,33.4314,-94.0430
Arkansas,57,33.0213,-94.0430
Arizona,0,36.9993,-112.5989
Arizona,1,37.0004,-110.8630
Arizona,2,37.0004,-109.0475
Arizona,3,31.3325,-109.0503
Arizona,4,31.3325,-111.0718
Arizona,5,32.4935,-114.8126
Arizona,6,32.5184,-114.8099
Arizona,7,32.5827,-114.8044
Arizona,8,32.6246,-114.7992
Arizona,9,32.6700,-114.7474
Arizona,10,32.7457,-114.7014
Arizona,11,32.7342,-114.6176
Arizona,12,32.7422,-114.5819
Arizona,13,32.7584,-114.5393
Arizona,14,32.8167,-114.5095
Arizona,15,32.8450,-114.4696
Arizona,16,32.9107,-114.4817
Arizona,17,32.9741,-114.4803
Arizona,18,33.0317,-114.5256
Arizona,19,33.0259,-114.6094
Arizona,20,33.0317,-114.6588
Arizona,21,33.0904,-114.7096
Arizona,22,33.2065,-114.6849
Arizona,23,33.2846,-114.7220
Arizona,24,33.3546,-114.6973
Arizona,25,33.4051,-114.7258
Arizona,26,33.4120,-114.6533
Arizona,27,33.5016,-114.5888
Arizona,28,33.5317,-114.5599
Arizona,29,33.6306,-114.5187
Arizona,30,33.6786,-114.5297
Arizona,31,33.7083,-114.4940
Arizona,32,33.7609,-114.5036
Arizona,33,33.8157,-114.5284
Arizona,34,33.8545,-114.5325
Arizona,35,33.9285,-114.5380
Arizona,36,33.9530,-114.5235
Arizona,37,34.0049,-114.4748
Arizona,38,34.0299,-114.4308
Arizona,39,34.0891,-114.4363
Arizona,40,34.1357,-114.3526
Arizona,41,34.1720,-114.2908
Arizona,42,34.2044,-114.2255
Arizona,43,34.2595,-114.1685
Arizona,44,34.2572,-114.1301
Arizona,45,34.3037,-114.1397
Arizona,46,34.3664,-114.2276
Arizona,47,34.4012,-114.2633
Arizona,48,34.4534,-114.3388
Arizona,49,34.4930,-114.3608
Arizona,50,34.5292,-114.3811
Arizona,51,34.5959,-114.4377
Arizona,52,34.6547,-114.4569
Arizona,53,34.7506,-114.5297
Arizona,54,34.8172,-114.5847
Arizona,55,34.8724,-114.6341
Arizona,56,34.9490,-114.6313
Arizona,57,35.0342,-114.6351
Arizona,58,35.1019,-114.6451
Arizona,59,35.1233,-114.6190
Arizona,60,35.1716,-114.5682
Arizona,61,35.3364,-114.5984
Arizona,62,35.4506,-114.6643
Arizona,63,35.5780,-114.6753
Arizona,64,35.6171,-114.6547
Arizona,65,35.6528,-114.6918
Arizona,66,35.7053,-114.7028
Arizona,67,35.8050,-114.7093
Arizona,68,35.8679,-114.6602
Arizona,69,35.9836,-114.7426
Arizona,70,36.0891,-114.7536
Arizona,71,36.1124,-114.6794
Arizona,72,36.1423,-114.6327
Arizona,73,36.1301,-114.4872
Arizona,74,36.1445,-114.3690
Arizona,75,36.0746,-114.3038
Arizona,76,36.0602,-114.3172
Arizona,77,36.0163,-114.2451
Arizona,78,36.0402,-114.1438
Arizona,79,36.0979,-114.1150
Arizona,80,36.1101,-114.1274
Arizona,81,36.1190,-114.1054
Arizona,82,36.1989,-114.0463
Arizona,83,36.3638,-114.0450
Arizona,84,37.0001,-114.0508
California,0,41.9983,-124.4009
California,1,42.0024,-123.6237
California,2,42.0126,-123.1526
California,3,42.0075,-122.0073
California,4,41.9962,-121.2369
California,5,41.9983,-119.9982
California,6,39.0021,-120.0037
California,7,37.5555,-117.9575
California,8,36.3594,-116.3699
California,9,35.0075,-114.6368
California,10,34.9659,-114.6382
California,11,34.9107,-114.6286
California,12,34.8758,-114.6382
California,13,34.8454,-114.5970
California,14,34.7890,-114.5682
California,15,34.7269,-114.4968
California,16,34.6648,-114.4501
California,17,34.6581,-114.4597
California,18,34.5869,-114.4322
California,19,34.5235,-114.3787
California,20,34.4601,-114.3869
California,21,34.4500,-114.3361
California,22,34.4375,-114.3031
California,23,34.4024,-114.2674
California,24,34.3559,-114.1864
California,25,34.3049,-114.1383
California,26,34.2561,-114.1315
California,27,34.2595,-114.1651
California,28,34.2044,-114.2249
California,29,34.1914,-114.2221
California,30,34.1720,-114.2908
California,31,34.1368,-114.3237
California,32,34.1186,-114.3622
California,33,34.1118,-114.4089
California,34,34.0856,-114.4363
California,35,34.0276,-114.4336
California,36,34.0117,-114.4652
California,37,33.9582,-114.5119
California,38,33.9308,-114.5366
California,39,33.9058,-114.5091
California,40,33.8613,-114.5256
California,41,33.8248,-114.5215
California,42,33.7597,-114.5050
California,43,33.7083,-114.4940
California,44,33.6832,-114.5284
California,45,33.6363,-114.5242
California,46,33.5895,-114.5393
California,47,33.5528,-114.5242
California,48,33.5311,-114.5586
California,49,33.5070,-114.5778
California,50,33.4418,-114.6245
California,51,33.4142,-114.6506
California,52,33.4039,-114.7055
California,53,33.3546,-114.6973
California,54,33.3041,-114.7302
California,55,33.2858,-114.7206
California,56,33.2754,-114.6808
California,57,33.2582,-114.6698
California,58,33.2467,-114.6904
California,59,33.1720,-114.6794
California,60,33.0904,-114.7083
California,61,33.0858,-114.6918
California,62,33.0328,-114.6629
California,63,33.0501,-114.6451
California,64,33.0305,-114.6286
California,65,33.0282,-114.5888
California,66,33.0351,-114.5750
California,67,33.0328,-114.5174
California,68,32.9718,-114.4913
California,69,32.9764,-114.4775
California,70,32.9372,-114.4844
California,71,32.8427,-114.4679
California,72,32.8161,-114.5091
California,73,32.7850,-114.5311
California,74,32.7573,-114.5284
California,75,32.7503,-114.5641
California,76,32.7353,-114.6162
California,77,32.7480,-114.6986
California,78,32.7191,-114.7220
California,79,32.6868,-115.1944
California,80,32.5121,-117.3395
California,81,32.7838,-117.4823
California,82,33.0501,-117.5977
California,83,33.2341,-117.6814
California,84,33.4578,-118.0591
California,85,33.5403,-118.6290
California,86,33.7928,-118.7073
California,87,33.9582,-119.3706
California,88,34.1925,-120.0050
California,89,34.2561,-120.7164
California,90,34.5360,-120.9128
California,91,34.9749,-120.8427
California,92,35.2131,-121.1325
California,93,35.5255,-121.3220
California,94,35.9691,-121.8013
California,95,36.2808,-122.1446
California,96,36.7268,-122.1721
California,97,37.2227,-122.6871
California,98,37.7783,-122.8903
California,99,37.8965,-123.2378
California,100,38.3449,-123.3202
California,101,38.7423,-123.8338
California,102,38.9946,-123.9793
California,103,39.3088,-124.0329
California,104,39.7642,-124.0823
California,105,40.1663,-124.5314
California,106,40.4658,-124.6509
California,107,41.0110,-124.3144
California,108,41.2386,-124.3419
California,109,41.7170,-124.4545
California,110,41.9983,-124.4009
Colorado,0,37.0004,-109.0448
Colorado,1,36.9949,-102.0424
Colorado,2,41.0006,-102.0534
Colorado,3,40.9996,-109.0489
Colorado,4,37.0004,-109.0448
Connecticut,0,42.0498,-73.4875
Connecticut,1,42.0511,-73.4247
Connecticut,2,42.0371,-72.8146
Connecticut,3,41.9983,-72.8174
Connecticut,4,42.0044,-72.7638
Connecticut,5,42.0360,-72.7563
Connecticut,6,42.0368,-72.6945
Connecticut,7,42.0309,-72.6086
Connecticut,8,42.0269,-72.6059
Connecticut,9,42.0269,-72.5784
Connecticut,10,42.0350,-72.5729
Connecticut,11,42.0350,-72.4026
Connecticut,12,42.0248,-71.7984
Connecticut,13,41.6832,-71.7874
Connecticut,14,41.4165,-71.7984
Connecticut,15,41.3892,-71.8341
Connecticut,16,41.3273,-71.8526
Connecticut,17,41.3309,-71.8938
Connecticut,18,41.3103,-71.9302
Connecticut,19,41.2907,-72.0195
Connecticut,20,41.2618,-72.0827
Connecticut,21,41.1962,-72.4322
Connecticut,22,41.0866,-73.0007
Connecticut,23,41.0255,-73.2493
Connecticut,24,40.9509,-73.6132
Connecticut,25,40.9830,-73.6606
Connecticut,26,41.0338,-73.6723
Connecticut,27,41.1011,-73.7272
Connecticut,28,41.2153,-73.4834
Connecticut,29,41.2953,-73.5507
Connecticut,30,41.4906,-73.5329
Connecticut,31,42.0493,-73.4875
Delaware,0,39.7188,-75.7919
Delaware,1,39.5210,-75.7837
Delaware,2,38.9081,-75.7288
Delaware,3,38.5911,-75.7068
Delaware,4,38.4600,-75.6944
Delaware,5,38.4482,-74.8608
Delaware,6,38.8654,-74.8526
Delaware,7,38.8451,-75.0504
Delaware,8,39.0565,-75.1678
Delaware,9,39.2525,-75.3236
Delaware,10,39.3662,-75.4610
Delaware,11,39.4542,-75.5592
Delaware,12,39.4908,-75.5578
Delaware,13,39.5713,-75.5118
Delaware,14,39.6284,-75.5557
Delaware,15,39.8106,-75.3937
Delaware,16,39.8249,-75.4692
Delaware,17,39.8296,-75.6477
Delaware,18,39.7199,-75.7906
Florida,0,30.9988,-87.6050
Florida,1,30.9964,-86.5613
Florida,2,31.0035,-85.5313
Florida,3,31.0012,-85.1193
Florida,4,31.0023,-85.0012
Florida,5,30.9364,-84.9847
Florida,6,30.8845,-84.9367
Florida,7,30.8409,-84.9271
Florida,8,30.7902,-84.9257
Florida,9,30.7489,-84.9147
Florida,10,30.6993,-84.8611
Florida,11,30.6911,-84.4272
Florida,12,30.6509,-83.5991
Florida,13,30.5895,-82.5595
Florida,14,30.5682,-82.2134
Florida,15,30.5315,-82.2134
Florida,16,30.3883,-82.1997
Florida,17,30.3598,-82.1544
Florida,18,30.3598,-82.0638
Florida,19,30.4877,-82.0226
Florida,20,30.6308,-82.0473
Florida,21,30.6757,-82.0514
Florida,22,30.7111,-82.0377
Florida,23,30.7371,-82.0514
Florida,24,30.7678,-82.0102
Florida,25,30.7914,-82.0322
Florida,26,30.7997,-81.9717
Florida,27,30.8244,-81.9608
Florida,28,30.8056,-81.8893
Florida,29,30.7914,-81.8372
Florida,30,30.7796,-81.7960
Florida,31,30.7536,-81.6696
Florida,32,30.7289,-81.6051
Florida,33,30.7324,-81.5666
Florida,34,30.7229,-81.5295
Florida,35,30.7253,-81.4856
Florida,36,30.7111,-81.4609
Florida,37,30.7088,-81.4169
Florida,38,30.7064,-81.2274
Florida,39,30.4345,-81.2357
Florida,40,30.3160,-81.1725
Florida,41,29.7763,-81.0379
Florida,42,28.8603,-80.5861
Florida,43,28.4771,-80.3650
Florida,44,28.1882,-80.3815
Florida,45,27.1789,-79.9255
Florida,46,26.8425,-79.8198
Florida,47,26.1394,-79.9118
Florida,48,25.5115,-79.9997
Florida,49,24.8802,-80.3815
Florida,50,24.5384,-80.8704
Florida,51,24.3959,-81.9250
Florida,52,24.4496,-82.2066
Florida,53,24.5484,-82.3137
Florida,54,24.6982,-82.1997
Florida,55,25.2112,-81.3977
Florida,56,25.6019,-81.4622
Florida,57,25.9235,-81.9456
Florida,58,26.3439,-82.2876
Florida,59,26.9098,-82.5307
Florida,60,27.3315,-82.8342
Florida,61,27.7565,-83.0182
Florida,62,28.0574,-83.0017
Florida,63,28.6098,-82.8548
Florida,64,28.9697,-83.0264
Florida,65,29.0478,-83.2050
Florida,66,29.4157,-83.5318
Florida,67,29.9133,-83.9767
Florida,68,29.8930,-84.1072
Florida,69,29.6940,-84.4409
Florida,70,29.4551,-85.0465
Florida,71,29.4946,-85.3610
Florida,72,29.7262,-85.5807
Florida,73,30.1594,-86.1946
Florida,74,30.2175,-86.8510
Florida,75,30.1499,-87.5171
Florida,76,30.3006,-87.4429
Florida,77,30.4256,-87.3750
Florida,78,30.4830,-87.3743
Florida,79,30.5658,-87.3907
Florida,80,30.6344,-87.4004
Florida,81,30.6763,-87.4141
Florida,82,30.7702,-87.5253
Florida,83,30.8527,-87.6256
Florida,84,30.9470,-87.5912
Florida,85,30.9682,-87.5912
Florida,86,30.9964,-87.6050
Georgia,0,34.9974,-85.6082
Georgia,1,34.9906,-84.7266
Georgia,2,34.9895,-84.1580
Georgia,3,34.9996,-83.1088
Georgia,4,34.9287,-83.1418
Georgia,5,34.8318,-83.3025
Georgia,6,34.7281,-83.3560
Georgia,7,34.6569,-83.3080
Georgia,8,34.5744,-83.1528
Georgia,9,34.4839,-83.0072
Georgia,10,34.4681,-82.8918
Georgia,11,34.4443,-82.8589
Georgia,12,34.2674,-82.7490
Georgia,13,34.1254,-82.6831
Georgia,14,34.0140,-82.5952
Georgia,15,33.8647,-82.3988
Georgia,16,33.7563,-82.2505
Georgia,17,33.6695,-82.2217
Georgia,18,33.5963,-82.1558
Georgia,19,33.5036,-82.0432
Georgia,20,33.3707,-81.9484
Georgia,21,33.2077,-81.8303
Georgia,22,33.1674,-81.7795
Georgia,23,33.1456,-81.7424
Georgia,24,33.0881,-81.6078
Georgia,25,33.0075,-81.5034
Georgia,26,32.9418,-81.5089
Georgia,27,32.6914,-81.4142
Georgia,28,32.5815,-81.4087
Georgia,29,32.5283,-81.2769
Georgia,30,32.4576,-81.1945
Georgia,31,32.3185,-81.1642
Georgia,32,32.2151,-81.1436
Georgia,33,32.1128,-81.1134
Georgia,34,32.0477,-80.9225
Georgia,35,32.0500,-80.6960
Georgia,36,31.8881,-80.7289
Georgia,37,31.4697,-80.9665
Georgia,38,30.9988,-81.1011
Georgia,39,30.7041,-81.2288
Georgia,40,30.7241,-81.6023
Georgia,41,30.7713,-81.7657
Georgia,42,30.8221,-81.9498
Georgia,43,30.7560,-82.0239
Georgia,44,30.6379,-82.0459
Georgia,45,30.4866,-82.0239
Georgia,46,30.4309,-82.0363
Georgia,47,30.3575,-82.0610
Georgia,48,30.3598,-82.1585
Georgia,49,30.3859,-82.2025
Georgia,50,30.4842,-82.2148
Georgia,51,30.5682,-82.2162
Georgia,52,30.6131,-82.9688
Georgia,53,30.7041,-84.8639
Georgia,54,30.7831,-84.9257
Georgia,55,30.9117,-84.9586
Georgia,56,30.9741,-84.9985
Georgia,57,31.1282,-85.0630
Georgia,58,31.2116,-85.1070
Georgia,59,31.5247,-85.0493
Georgia,60,31.8006,-85.1358
Georgia,61,31.9592,-85.0919
Georgia,62,32.1570,-85.0342
Georgia,63,32.2500,-84.9023
Georgia,64,32.3974,-84.9628
Georgia,65,32.5468,-85.0342
Georgia,66,32.6949,-85.1001
Georgia,67,32.8138,-85.1660
Georgia,68,32.9833,-85.2072
Georgia,69,33.6512,-85.3418
Georgia,70,34.5620,-85.5231
Georgia,71,34.9929,-85.6068
Hawaii,0,19.5158,-154.6284
Hawaii,1,19.8894,-154.8235
Hawaii,2,20.1849,-155.0391
Hawaii,3,20.3910,-155.5952
Hawaii,4,20.8614,-155.7930
Hawaii,5,21.0948,-156.1858
Hawaii,6,21.3597,-156.6595
Hawaii,7,21.4748,-157.1182
Hawaii,8,21.5515,-157.5247
Hawaii,9,21.8832,-157.8186
Hawaii,10,22.3386,-159.2180
Hawaii,11,22.3374,-159.7508
Hawaii,12,22.1493,-160.1422
Hawaii,13,21.8857,-160.3922
Hawaii,14,21.6025,-160.3249
Hawaii,15,21.7276,-159.9939
Hawaii,16,21.6932,-159.4295
Hawaii,17,21.1037,-158.1784
Hawaii,18,20.8152,-157.4629
Hawaii,19,20.6803,-157.2171
Hawaii,20,20.3408,-156.8285
Hawaii,21,20.2931,-156.5456
Hawaii,22,20.1643,-156.1418
Hawaii,23,19.9308,-156.2393
Hawaii,24,19.2826,-156.1432
Hawaii,25,18.9881,-156.1212
Hawaii,26,18.7100,-155.7120
Hawaii,27,18.8829,-155.3673
Hawaii,28,19.2048,-154.8839
Hawaii,29,19.5158,-154.6271
Iowa,0,40.5848,-95.7623
Iowa,1,40.5785,-93.5445
Iowa,2,40.6129,-91.7372
Iowa,3,40.5545,-91.6768
Iowa,4,40.5451,-91.6246
Iowa,5,40.3622,-91.4365
Iowa,6,40.4637,-91.3623
Iowa,7,40.5482,-91.4021
Iowa,8,40.6931,-91.1124
Iowa,9,40.8107,-91.1028
Iowa,10,40.9218,-90.9668
Iowa,11,41.1642,-91.0121
Iowa,12,41.2406,-91.1082
Iowa,13,41.4067,-91.0451
Iowa,14,41.4510,-90.7086
Iowa,15,41.5178,-90.4793
Iowa,16,41.5908,-90.3419
Iowa,17,41.7457,-90.2788
Iowa,18,41.8164,-90.2074
Iowa,19,41.9023,-90.1538
Iowa,20,42.0962,-90.1744
Iowa,21,42.1441,-90.2692
Iowa,22,42.2905,-90.4298
Iowa,23,42.4093,-90.5370
Iowa,24,42.5217,-90.6400
Iowa,25,42.6360,-90.7127
Iowa,26,42.6956,-90.7883
Iowa,27,42.7712,-91.0533
Iowa,28,42.8448,-91.0904
Iowa,29,42.9082,-91.1398
Iowa,30,43.0609,-91.1549
Iowa,31,43.1391,-91.1522
Iowa,32,43.2882,-91.0547
Iowa,33,43.3322,-91.2057
Iowa,34,43.4140,-91.2236
Iowa,35,43.5008,-91.2305
Iowa,36,43.4998,-96.5973
Iowa,37,43.4818,-96.6110
Iowa,38,43.3871,-96.5245
Iowa,39,43.2232,-96.5533
Iowa,40,43.1301,-96.4421
Iowa,41,42.9243,-96.5479
Iowa,42,42.7188,-96.6357
Iowa,43,42.6158,-96.5561
Iowa,44,42.5055,-96.4847
Iowa,45,42.4599,-96.3995
Iowa,46,42.3667,-96.4050
Iowa,47,42.2722,-96.3446
Iowa,48,42.2051,-96.3625
Iowa,49,41.9983,-96.2416
Iowa,50,41.9513,-96.1372
Iowa,51,41.7662,-96.0741
Iowa,52,41.6267,-96.0988
Iowa,53,41.4561,-95.9477
Iowa,54,41.2819,-95.8804
Iowa,55,41.0338,-95.8653
Iowa,56,40.8346,-95.8365
Iowa,57,40.6775,-95.8461
Iowa,58,40.5837,-95.7610
Idaho,0,49.0000,-117.0319
Idaho,1,49.0018,-116.0486
Idaho,2,47.9752,-116.0445
Idaho,3,47.5765,-115.6915
Idaho,4,47.5487,-115.7574
Idaho,5,47.4239,-115.7595
Idaho,6,47.3109,-115.5350
Idaho,7,47.2606,-115.3235
Idaho,8,47.1888,-115.2878
Idaho,9,47.1542,-115.2493
Idaho,10,46.9728,-115.0433
Idaho,11,46.8677,-114.9472
Idaho,12,46.7201,-114.7865
Idaho,13,46.6984,-114.7549
Idaho,14,46.6325,-114.5874
Idaho,15,46.6325,-114.4638
Idaho,16,46.6466,-114.3279
Idaho,17,46.5135,-114.3430
Idaho,18,46.4530,-114.3896
Idaho,19,46.3488,-114.4144
Idaho,20,46.2682,-114.4611
Idaho,21,46.1227,-114.5105
Idaho,22,45.8585,-114.4418
Idaho,23,45.7742,-114.5654
Idaho,24,45.6745,-114.5229
Idaho,25,45.5621,-114.5654
Idaho,26,45.5439,-114.4666
Idaho,27,45.4601,-114.3375
Idaho,28,45.5468,-114.2441
Idaho,29,45.5631,-114.1342
Idaho,30,45.6889,-113.9708
Idaho,31,45.6102,-113.8403
Idaho,32,45.4409,-113.7978
Idaho,33,45.2720,-113.7085
Idaho,34,45.0260,-113.4256
Idaho,35,44.9405,-113.4998
Idaho,36,44.7887,-113.3459
Idaho,37,44.8062,-113.2471
Idaho,38,44.7350,-113.1180
Idaho,39,44.4887,-113.0246
Idaho,40,44.3592,-112.8502
Idaho,41,44.4151,-112.8310
Idaho,42,44.4887,-112.7266
Idaho,43,44.4504,-112.3901
Idaho,44,44.5347,-112.3270
Idaho,45,44.5220,-112.1127
Idaho,46,44.5582,-111.8848
Idaho,47,44.5132,-111.8271
Idaho,48,44.5396,-111.4645
Idaho,49,44.6198,-111.5057
Idaho,50,44.7292,-111.3684
Idaho,51,44.4759,-111.0539
Idaho,52,43.8623,-111.0471
Idaho,53,42.0013,-111.0471
Idaho,54,41.9962,-112.1663
Idaho,55,41.9871,-113.8458
Idaho,56,41.9942,-114.0422
Idaho,57,42.0013,-114.8222
Idaho,58,41.9973,-115.9126
Idaho,59,41.9962,-117.0140
Idaho,60,42.0013,-117.0264
Idaho,61,43.7820,-117.0277
Idaho,62,43.8330,-117.0325
Idaho,63,43.8632,-117.0030
Idaho,64,43.9073,-116.9776
Idaho,65,44.0244,-116.9302
Idaho,66,44.0491,-116.9735
Idaho,67,44.1014,-116.9330
Idaho,68,44.1561,-116.8945
Idaho,69,44.1965,-116.9714
Idaho,70,44.2442,-116.9810
Idaho,71,44.2486,-117.0339
Idaho,72,44.2304,-117.0525
Idaho,73,44.2585,-117.0895
Idaho,74,44.2806,-117.1122
Idaho,75,44.2590,-117.1541
Idaho,76,44.2973,-117.2255
Idaho,77,44.3445,-117.1994
Idaho,78,44.3813,-117.2372
Idaho,79,44.4769,-117.2269
Idaho,80,44.5234,-117.1836
Idaho,81,44.5376,-117.1458
Idaho,82,44.7423,-117.0442
Idaho,83,44.7921,-116.9316
Idaho,84,44.8568,-116.8980
Idaho,85,44.9356,-116.8327
Idaho,86,44.9624,-116.8513
Idaho,87,44.9896,-116.8554
Idaho,88,45.0313,-116.8417
Idaho,89,45.0968,-116.7819
Idaho,90,45.1627,-116.7229
Idaho,91,45.2178,-116.7105
Idaho,92,45.3213,-116.6741
Idaho,93,45.3984,-116.6185
Idaho,94,45.4433,-116.5883
Idaho,95,45.4630,-116.5553
Idaho,96,45.5371,-116.5334
Idaho,97,45.6140,-116.4640
Idaho,98,45.6904,-116.5354
Idaho,99,45.7340,-116.5354
Idaho,100,45.7541,-116.5594
Idaho,101,45.7843,-116.6357
Idaho,102,45.7781,-116.5965
Idaho,103,45.7805,-116.6597
Idaho,104,45.8259,-116.7105
Idaho,105,45.8159,-116.7586
Idaho,106,45.8341,-116.7908
Idaho,107,45.8642,-116.8046
Idaho,108,45.9053,-116.8595
Idaho,109,45.9545,-116.8739
Idaho,110,45.9769,-116.8925
Idaho,111,46.0218,-116.9302
Idaho,112,46.0932,-116.9838
Idaho,113,46.1385,-116.9344
Idaho,114,46.1727,-116.9268
Idaho,115,46.2007,-116.9646
Idaho,116,46.2435,-116.9591
Idaho,117,46.2782,-116.9920
Idaho,118,46.3152,-117.0209
Idaho,119,46.3446,-117.0511
Idaho,120,46.4270,-117.0408
Idaho,121,46.9451,-117.0394
Idaho,122,48.9996,-117.0319
Illinois,0,42.5116,-90.6290
Illinois,1,42.4924,-87.0213
Illinois,2,41.7641,-87.2067
Illinois,3,41.7611,-87.5226
Illinois,4,39.6417,-87.5336
Illinois,5,39.3566,-87.5308
Illinois,6,39.1386,-87.6517
Illinois,7,38.9445,-87.5157
Illinois,8,38.7294,-87.5047
Illinois,9,38.6115,-87.6146
Illinois,10,38.4944,-87.6544
Illinois,11,38.3740,-87.7780
Illinois,12,38.2856,-87.8371
Illinois,13,38.2414,-87.9758
Illinois,14,38.1454,-87.9291
Illinois,15,37.9788,-88.0225
Illinois,16,37.8900,-88.0458
Illinois,17,37.7881,-88.0321
Illinois,18,37.6349,-88.1529
Illinois,19,37.5097,-88.0609
Illinois,20,37.4149,-88.4152
Illinois,21,37.2828,-88.5086
Illinois,22,37.1428,-88.4221
Illinois,23,37.0585,-88.4990
Illinois,24,37.1428,-88.7256
Illinois,25,37.2128,-88.9453
Illinois,26,37.1559,-89.0689
Illinois,27,37.0376,-89.1650
Illinois,28,36.9894,-89.2873
Illinois,29,37.1505,-89.4356
Illinois,30,37.2762,-89.5345
Illinois,31,37.3996,-89.4315
Illinois,32,37.6936,-89.5358
Illinois,33,37.9767,-89.9670
Illinois,34,38.2587,-90.3790
Illinois,35,38.6169,-90.2376
Illinois,36,38.7573,-90.1744
Illinois,37,38.8247,-90.1167
Illinois,38,38.8846,-90.1799
Illinois,39,38.9680,-90.4504
Illinois,40,38.8654,-90.5905
Illinois,41,39.0405,-90.7086
Illinois,42,39.2301,-90.7306
Illinois,43,39.3173,-90.8350
Illinois,44,39.3853,-90.9338
Illinois,45,39.5559,-91.1398
Illinois,46,39.7262,-91.3554
Illinois,47,39.8570,-91.4406
Illinois,48,39.9940,-91.4941
Illinois,49,40.1694,-91.5120
Illinois,50,40.3497,-91.4667
Illinois,51,40.4166,-91.3939
Illinois,52,40.5566,-91.4021
Illinois,53,40.6265,-91.2524
Illinois,54,40.6963,-91.1151
Illinois,55,40.8232,-91.0890
Illinois,56,40.9312,-90.9792
Illinois,57,41.1642,-91.0162
Illinois,58,41.2355,-91.1055
Illinois,59,41.4170,-91.0368
Illinois,60,41.4458,-90.8487
Illinois,61,41.4417,-90.7251
Illinois,62,41.5816,-90.3516
Illinois,63,41.7713,-90.2637
Illinois,64,41.9023,-90.1538
Illinois,65,42.0819,-90.1758
Illinois,66,42.2021,-90.3598
Illinois,67,42.2936,-90.4395
Illinois,68,42.4032,-90.5356
Illinois,69,42.4843,-90.6564
Indiana,0,41.7611,-87.5253
Indiana,1,41.7611,-84.8090
Indiana,2,39.0981,-84.8199
Indiana,3,39.0533,-84.8927
Indiana,4,38.8996,-84.8625
Indiana,5,38.8312,-84.8268
Indiana,6,38.7841,-84.8145
Indiana,7,38.7905,-84.8941
Indiana,8,38.7809,-84.9861
Indiana,9,38.6877,-85.1797
Indiana,10,38.7198,-85.4420
Indiana,11,38.5653,-85.4091
Indiana,12,38.4461,-85.5986
Indiana,13,38.2695,-85.7510
Indiana,14,38.2824,-85.8266
Indiana,15,38.2414,-85.8376
Indiana,16,38.0967,-85.9035
Indiana,17,38.0232,-85.9200
Indiana,18,37.9594,-86.0477
Indiana,19,38.0102,-86.0944
Indiana,20,38.0578,-86.2729
Indiana,21,38.0935,-86.2811
Indiana,22,38.1346,-86.2729
Indiana,23,38.1842,-86.3704
Indiana,24,38.0416,-86.5187
Indiana,25,37.9193,-86.5874
Indiana,26,37.8402,-86.6409
Indiana,27,37.9085,-86.6478
Indiana,28,37.9085,-86.6876
Indiana,29,37.9821,-86.8236
Indiana,30,37.9464,-86.9019
Indiana,31,37.9009,-87.0392
Indiana,32,37.7924,-87.1394
Indiana,33,37.9464,-87.4429
Indiana,34,37.9756,-87.5885
Indiana,35,37.9225,-87.6283
Indiana,36,37.8694,-87.6915
Indiana,37,37.9236,-87.8879
Indiana,38,37.7718,-87.9620
Indiana,39,37.7870,-88.0321
Indiana,40,37.8092,-88.0376
Indiana,41,37.8011,-88.0643
Indiana,42,37.8206,-88.0925
Indiana,43,37.8223,-88.0451
Indiana,44,37.8483,-88.0575
Indiana,45,37.9041,-88.0980
Indiana,46,37.9307,-88.0705
Indiana,47,37.9561,-88.0369
Indiana,48,37.9669,-88.0122
Indiana,49,38.0102,-88.0259
Indiana,50,38.0384,-88.0417
Indiana,51,38.0530,-88.0005
Indiana,52,38.0762,-87.9607
Indiana,53,38.1000,-88.0163
Indiana,54,38.1313,-87.9710
Indiana,55,38.1497,-87.9284
Indiana,56,38.1734,-87.9387
Indiana,57,38.1939,-87.9730
Indiana,58,38.2349,-87.9813
Indiana,59,38.2608,-87.9421
Indiana,60,38.2759,-87.8604
Indiana,61,38.3029,-87.8302
Indiana,62,38.3233,-87.8350
Indiana,63,38.3567,-87.8137
Indiana,64,38.3767,-87.7739
Indiana,65,38.4116,-87.7444
Indiana,66,38.5149,-87.6448
Indiana,67,38.5460,-87.6723
Indiana,68,38.5949,-87.6105
Indiana,69,38.5986,-87.6242
Indiana,70,38.6828,-87.5343
Indiana,71,38.7284,-87.5075
Indiana,72,38.7696,-87.4972
Indiana,73,38.8247,-87.5322
Indiana,74,38.9039,-87.5171
Indiana,75,38.9413,-87.5253
Indiana,76,38.9712,-87.5281
Indiana,77,38.9872,-87.5761
Indiana,78,39.0906,-87.6228
Indiana,79,39.1066,-87.6517
Indiana,80,39.1365,-87.6599
Indiana,81,39.1695,-87.6366
Indiana,82,39.2493,-87.5899
Indiana,83,39.3492,-87.5336
Indiana,84,41.7600,-87.5253
Kansas,0,40.0034,-102.0506
Kansas,1,40.0034,-102.0506
Kansas,2,36.9927,-102.0438
Kansas,3,36.9982,-94.6211
Kansas,4,38.8803,-94.6046
Kansas,5,39.0789,-94.6143
Kansas,6,39.1971,-94.6184
Kansas,7,39.1673,-94.7255
Kansas,8,39.2759,-94.8793
Kansas,9,39.5612,-95.0990
Kansas,10,39.7283,-94.8807
Kansas,11,39.8286,-94.8930
Kansas,12,39.8823,-94.9342
Kansas,13,39.8971,-95.0098
Kansas,14,39.8760,-95.0922
Kansas,15,39.9445,-95.2213
Kansas,16,40.0087,-95.3036
Kansas,17,40.0024,-102.0506
Kentucky,0,36.4986,-89.5372
Kentucky,1,36.5074,-89.3010
Kentucky,2,36.5008,-88.6871
Kentucky,3,36.4931,-88.0568
Kentucky,4,36.6695,-88.0692
Kentucky,5,36.6343,-87.8535
Kentucky,6,36.6265,-86.5654
Kentucky,7,36.5979,-83.6375
Kentucky,8,36.6860,-83.3423
Kentucky,9,36.7466,-83.1377
Kentucky,10,36.9762,-82.8589
Kentucky,11,37.2894,-82.3192
Kentucky,12,37.4934,-82.0308
Kentucky,13,37.6653,-82.2121
Kentucky,14,37.8618,-82.4016
Kentucky,15,37.9908,-82.5073
Kentucky,16,38.1778,-82.6392
Kentucky,17,38.3761,-82.5952
Kentucky,18,38.5030,-82.7477
Kentucky,19,38.5825,-82.8369
Kentucky,20,38.7316,-82.9015
Kentucky,21,38.7027,-83.0196
Kentucky,22,38.6190,-83.1418
Kentucky,23,38.5986,-83.2819
Kentucky,24,38.6941,-83.5291
Kentucky,25,38.6351,-83.6595
Kentucky,26,38.7487,-83.8930
Kentucky,27,38.7701,-84.0440
Kentucky,28,38.8119,-84.2184
Kentucky,29,38.9872,-84.3228
Kentucky,30,39.1013,-84.4917
Kentucky,31,39.1183,-84.6277
Kentucky,32,39.1439,-84.7554
Kentucky,33,39.0523,-84.8914
Kentucky,34,38.9263,-84.8735
Kentucky,35,38.7894,-84.8131
Kentucky,36,38.7691,-84.9957
Kentucky,37,38.6866,-85.1921
Kentucky,38,38.7209,-85.4407
Kentucky,39,38.5653,-85.4077
Kentucky,40,38.4461,-85.5972
Kentucky,41,38.2748,-85.7455
Kentucky,42,38.2716,-85.8087
Kentucky,43,38.2069,-85.8650
Kentucky,44,38.0286,-85.9323
Kentucky,45,37.9550,-86.0422
Kentucky,46,38.0135,-86.1108
Kentucky,47,38.0643,-86.2756
Kentucky,48,38.1389,-86.2770
Kentucky,49,38.1864,-86.3690
Kentucky,50,38.0308,-86.5283
Kentucky,51,37.9204,-86.5874
Kentucky,52,37.8423,-86.6423
Kentucky,53,37.9041,-86.6547
Kentucky,54,37.9864,-86.8250
Kentucky,55,37.9095,-87.0406
Kentucky,56,37.7935,-87.1381
Kentucky,57,37.9420,-87.4168
Kentucky,58,37.9745,-87.5858
Kentucky,59,37.8749,-87.6929
Kentucky,60,37.9215,-87.8906
Kentucky,61,37.7761,-87.9552
Kentucky,62,37.7903,-88.0307
Kentucky,63,37.6479,-88.1584
Kentucky,64,37.5097,-88.0664
Kentucky,65,37.4193,-88.4180
Kentucky,66,37.2784,-88.5086
Kentucky,67,37.1428,-88.4248
Kentucky,68,37.0738,-88.5059
Kentucky,69,37.1461,-88.7421
Kentucky,70,37.2249,-88.9522
Kentucky,71,37.1406,-89.0964
Kentucky,72,37.0278,-89.1815
Kentucky,73,36.9488,-89.1032
Kentucky,74,36.8214,-89.1733
Kentucky,75,36.7411,-89.1925
Kentucky,76,36.6265,-89.2007
Kentucky,77,36.5449,-89.2529
Kentucky,78,36.6232,-89.3518
Kentucky,79,36.4986,-89.5345
Louisiana,0,33.0225,-94.0430
Louisiana,1,33.0179,-93.0048
Louisiana,2,33.0087,-91.1646
Louisiana,3,32.9269,-91.2209
Louisiana,4,32.8773,-91.1220
Louisiana,5,32.8358,-91.1481
Louisiana,6,32.7642,-91.1412
Louisiana,7,32.6382,-91.1536
Louisiana,8,32.5804,-91.1069
Louisiana,9,32.6093,-91.0080
Louisiana,10,32.4588,-91.0904
Louisiana,11,32.4379,-91.0355
Louisiana,12,32.3742,-91.0286
Louisiana,13,32.3150,-90.9064
Louisiana,14,32.2616,-90.9723
Louisiana,15,32.1942,-91.0464
Louisiana,16,32.1198,-91.0739
Louisiana,17,32.0593,-91.0464
Louisiana,18,31.9918,-91.1014
Louisiana,19,31.9498,-91.1865
Louisiana,20,31.8262,-91.3101
Louisiana,21,31.7947,-91.3527
Louisiana,22,31.6230,-91.3925
Louisiana,23,31.6218,-91.5134
Louisiana,24,31.5668,-91.4310
Louisiana,25,31.5130,-91.5161
Louisiana,26,31.3701,-91.5244
Louisiana,27,31.2598,-91.5477
Louisiana,28,31.2692,-91.6425
Louisiana,29,31.2328,-91.6603
Louisiana,30,31.1917,-91.5848
Louisiana,31,31.1047,-91.6287
Louisiana,32,31.0318,-91.5614
Louisiana,33,30.9988,-91.6397
Louisiana,34,31.0012,-89.7336
Louisiana,35,30.6686,-89.8517
Louisiana,36,30.5386,-89.7858
Louisiana,37,30.3148,-89.6347
Louisiana,38,30.1807,-89.5688
Louisiana,39,30.1582,-89.4960
Louisiana,40,30.2140,-89.1843
Louisiana,41,30.1463,-89.0373
Louisiana,42,30.0905,-88.8354
Louisiana,43,29.8383,-88.7421
Louisiana,44,29.5758,-88.8712
Louisiana,45,29.1833,-88.9371
Louisiana,46,28.9649,-89.0359
Louisiana,47,28.8832,-89.2282
Louisiana,48,28.9048,-89.4754
Louisiana,49,29.1210,-89.7418
Louisiana,50,28.9529,-90.1126
Louisiana,51,28.9120,-90.6619
Louisiana,52,28.9553,-91.0355
Louisiana,53,29.1210,-91.3211
Louisiana,54,29.2864,-91.9061
Louisiana,55,29.4360,-92.7452
Louisiana,56,29.6009,-93.8177
Louisiana,57,29.6749,-93.8631
Louisiana,58,29.7370,-93.8933
Louisiana,59,29.7930,-93.9304
Louisiana,60,29.8216,-93.9276
Louisiana,61,29.8883,-93.8370
Louisiana,62,29.9811,-93.7985
Louisiana,63,30.0144,-93.7601
Louisiana,64,30.0691,-93.7106
Louisiana,65,30.0929,-93.7354
Louisiana,66,30.1166,-93.6996
Louisiana,67,30.1997,-93.7271
Louisiana,68,30.2899,-93.7106
Louisiana,69,30.3350,-93.7656
Louisiana,70,30.3871,-93.7601
Louisiana,71,30.4416,-93.6914
Louisiana,72,30.5102,-93.7106
Louisiana,73,30.5433,-93.7463
Louisiana,74,30.5954,-93.7106
Louisiana,75,30.5906,-93.6914
Louisiana,76,30.6545,-93.6859
Louisiana,77,30.6781,-93.6365
Louisiana,78,30.7513,-93.6200
Louisiana,79,30.7890,-93.5925
Louisiana,80,30.8150,-93.5513
Louisiana,81,30.8645,-93.5623
Louisiana,82,30.8881,-93.5788
Louisiana,83,30.9187,-93.5541
Louisiana,84,30.9423,-93.5294
Louisiana,85,31.0082,-93.5760
Louisiana,86,31.0318,-93.5101
Louisiana,87,31.0906,-93.5596
Louisiana,88,31.1211,-93.5321
Louisiana,89,31.1799,-93.5349
Louisiana,90,31.1658,-93.5953
Louisiana,91,31.2292,-93.6282
Louisiana,92,31.2668,-93.6118
Louisiana,93,31.3044,-93.6859
Louisiana,94,31.3888,-93.6694
Louisiana,95,31.4240,-93.7051
Louisiana,96,31.4427,-93.6859
Louisiana,97,31.4755,-93.7573
Louisiana,98,31.5083,-93.7189
Louisiana,99,31.5411,-93.8040
Louisiana,100,31.6113,-93.8425
Louisiana,101,31.6581,-93.8205
Louisiana,102,31.7071,-93.7985
Louisiana,103,31.8029,-93.8480
Louisiana,104,31.8892,-93.9029
Louisiana,105,31.9149,-93.9606
Louisiana,106,32.0081,-94.0430
Louisiana,107,32.7041,-94.0430
Louisiana,108,33.0225,-94.0430
Massachusetts,0,42.0003,-72.7789
Massachusetts,1,42.0330,-72.7405
Massachusetts,2,42.0330,-72.3779
Massachusetts,3,42.0228,-71.7984
Massachusetts,4,42.0085,-71.8011
Massachusetts,5,42.0197,-71.3850
Massachusetts,6,41.8961,-71.3837
Massachusetts,7,41.8982,-71.3411
Massachusetts,8,41.8358,-71.3370
Massachusetts,9,41.8245,-71.3493
Massachusetts,10,41.7816,-71.3342
Massachusetts,11,41.7529,-71.2628
Massachusetts,12,41.6719,-71.1914
Massachusetts,13,41.6616,-71.1351
Massachusetts,14,41.6124,-71.1433
Massachusetts,15,41.5939,-71.1310
Massachusetts,16,41.4973,-71.1214
Massachusetts,17,41.3149,-71.0266
Massachusetts,18,41.1590,-70.8316
Massachusetts,19,41.1662,-69.9225
Massachusetts,20,41.3201,-69.7948
Massachusetts,21,41.8133,-69.7398
Massachusetts,22,42.1939,-70.0337
Massachusetts,23,42.2173,-70.5144
Massachusetts,24,42.4133,-70.6984
Massachusetts,25,42.6420,-70.3647
Massachusetts,26,42.8286,-70.4759
Massachusetts,27,42.8760,-70.6133
Massachusetts,28,42.8619,-70.8440
Massachusetts,29,42.8890,-70.9154
Massachusetts,30,42.8075,-71.0651
Massachusetts,31,42.8226,-71.1337
Massachusetts,32,42.7873,-71.1859
Massachusetts,33,42.7369,-71.1832
Massachusetts,34,42.7470,-71.2189
Massachusetts,35,42.7400,-71.2560
Massachusetts,36,42.6986,-71.2985
Massachusetts,37,42.7127,-71.9151
Massachusetts,38,42.7309,-72.5441
Massachusetts,39,42.7450,-73.2541
Massachusetts,40,42.7460,-73.2664
Massachusetts,41,42.5460,-73.3406
Massachusetts,42,42.2671,-73.4436
Massachusetts,43,42.1349,-73.4917
Massachusetts,44,42.0880,-73.5081
Massachusetts,45,42.0483,-73.4985
Massachusetts,46,42.0452,-73.1841
Massachusetts,47,42.0371,-72.8146
Massachusetts,48,41.9962,-72.8160
Massachusetts,49,42.0024,-72.7803
Maryland,0,39.7220,-79.4778
Maryland,1,39.7220,-78.3600
Maryland,2,39.7220,-75.7878
Maryland,3,39.5655,-75.7809
Maryland,4,39.3152,-75.7617
Maryland,5,38.9498,-75.7329
Maryland,6,38.4611,-75.6944
Maryland,7,38.4482,-74.8581
Maryland,8,38.0200,-74.9721
Maryland,9,38.0275,-75.2316
Maryland,10,37.9962,-75.6079
Maryland,11,37.9951,-75.6230
Maryland,12,37.9464,-75.6436
Maryland,13,37.9529,-75.7288
Maryland,14,37.9117,-75.8084
Maryland,15,37.9095,-75.9512
Maryland,16,37.9464,-75.9430
Maryland,17,37.9529,-76.0584
Maryland,18,37.8889,-76.2396
Maryland,19,37.9474,-76.3454
Maryland,20,37.9669,-76.4154
Maryland,21,38.0146,-76.4703
Maryland,22,38.0275,-76.5170
Maryland,23,38.0751,-76.5363
Maryland,24,38.1464,-76.6063
Maryland,25,38.1616,-76.6928
Maryland,26,38.1670,-76.7601
Maryland,27,38.1637,-76.8494
Maryland,28,38.2080,-76.9482
Maryland,29,38.2748,-76.9908
Maryland,30,38.3093,-77.0306
Maryland,31,38.3761,-77.0114
Maryland,32,38.4009,-77.0430
Maryland,33,38.3697,-77.0897
Maryland,34,38.3697,-77.1432
Maryland,35,38.3320,-77.2627
Maryland,36,38.4525,-77.3135
Maryland,37,38.5514,-77.2737
Maryland,38,38.5954,-77.2490
Maryland,39,38.6373,-77.1281
Maryland,40,38.6737,-77.1378
Maryland,41,38.7112,-77.0760
Maryland,42,38.7187,-77.0361
Maryland,43,38.7766,-77.0416
Maryland,44,38.8451,-77.0320
Maryland,45,38.9025,-77.0708
Maryland,46,38.9570,-77.1395
Maryland,47,38.9773,-77.2335
Maryland,48,39.0240,-77.2462
Maryland,49,39.0634,-77.3431
Maryland,50,39.0717,-77.4351
Maryland,51,39.0792,-77.4636
Maryland,52,39.1218,-77.5202
Maryland,53,39.1804,-77.5092
Maryland,54,39.2269,-77.4577
Maryland,55,39.3051,-77.5666
Maryland,56,39.3067,-77.6321
Maryland,57,39.3202,-77.7159
Maryland,58,39.3383,-77.7626
Maryland,59,39.3810,-77.7544
Maryland,60,39.4288,-77.7602
Maryland,61,39.4367,-77.8038
Maryland,62,39.4606,-77.7997
Maryland,63,39.5019,-77.7859
Maryland,64,39.5062,-77.8436
Maryland,65,39.5210,-77.8217
Maryland,66,39.5337,-77.8354
Maryland,67,39.5231,-77.8656
Maryland,68,39.5591,-77.8848
Maryland,69,39.6015,-77.8821
Maryland,70,39.6078,-77.9974
Maryland,71,39.6247,-78.0222
Maryland,72,39.6924,-78.1430
Maryland,73,39.6945,-78.1924
Maryland,74,39.6839,-78.2062
Maryland,75,39.6839,-78.2419
Maryland,76,39.6586,-78.2281
Maryland,77,39.6226,-78.2776
Maryland,78,39.6438,-78.3517
Maryland,79,39.6120,-78.3765
Maryland,80,39.6036,-78.4067
Maryland,81,39.5824,-78.4177
Maryland,82,39.5750,-78.4245
Maryland,83,39.5464,-78.4232
Maryland,84,39.5146,-78.4698
Maryland,85,39.5189,-78.5687
Maryland,86,39.5337,-78.6676
Maryland,87,39.5888,-78.7390
Maryland,88,39.6015,-78.7720
Maryland,89,39.6184,-78.7363
Maryland,90,39.6438,-78.7775
Maryland,91,39.6036,-78.7912
Maryland,92,39.6036,-78.8187
Maryland,93,39.5549,-78.8571
Maryland,94,39.4913,-78.9203
Maryland,95,39.4426,-78.9725
Maryland,96,39.4834,-79.0542
Maryland,97,39.4738,-79.0604
Maryland,98,39.4553,-79.1043
Maryland,99,39.3853,-79.1936
Maryland,100,39.3449,-79.2705
Maryland,101,39.3014,-79.3282
Maryland,102,39.2535,-79.4044
Maryland,103,39.2073,-79.4696
Maryland,104,39.2051,-79.4861
Maryland,105,39.2546,-79.4861
Maryland,106,39.3444,-79.4854
Maryland,107,39.3454,-79.4840
Maryland,108,39.5316,-79.4833
Maryland,109,39.7214,-79.4772
Maine,0,45.3425,-71.0129
Maine,1,45.3328,-70.9525
Maine,2,45.2294,-70.8618
Maine,3,45.3917,-70.8247
Maine,4,45.4274,-70.7808
Maine,5,45.3830,-70.6380
Maine,6,45.5092,-70.7190
Maine,7,45.6544,-70.5721
Maine,8,45.7292,-70.3894
Maine,9,45.7924,-70.4169
Maine,10,45.9368,-70.2493
Maine,11,45.9597,-70.3098
Maine,12,46.0923,-70.2946
Maine,13,46.0989,-70.2589
Maine,14,46.1342,-70.2466
Maine,15,46.1903,-70.2905
Maine,16,46.2710,-70.2466
Maine,17,46.3270,-70.2040
Maine,18,46.4151,-70.0571
Maine,19,46.6956,-69.9994
Maine,20,47.4550,-69.2303
Maine,21,47.4132,-69.0381
Maine,22,47.2578,-69.0504
Maine,23,47.1748,-68.8843
Maine,24,47.2643,-68.6206
Maine,25,47.3546,-68.3350
Maine,26,47.3165,-68.1564
Maine,27,47.1038,-67.8804
Maine,28,47.0664,-67.7898
Maine,29,45.9359,-67.7802
Maine,30,45.9177,-67.7527
Maine,31,45.7599,-67.8090
Maine,32,45.6208,-67.6524
Maine,33,45.5987,-67.4533
Maine,34,45.5044,-67.4176
Maine,35,45.4823,-67.5014
Maine,36,45.3714,-67.4231
Maine,37,45.2768,-67.4863
Maine,38,45.1297,-67.3434
Maine,39,45.1830,-67.2487
Maine,40,45.1230,-67.1223
Maine,41,44.8315,-66.9672
Maine,42,44.7409,-66.8628
Maine,43,44.4945,-67.3105
Maine,44,44.3268,-67.9051
Maine,45,43.8702,-68.6673
Maine,46,43.7274,-68.8431
Maine,47,43.6639,-69.7137
Maine,48,43.5625,-70.0818
Maine,49,42.9182,-70.5569
Maine,50,43.0649,-70.7108
Maine,51,43.1391,-70.8302
Maine,52,43.2292,-70.8179
Maine,53,43.3631,-70.9799
Maine,54,43.5675,-70.9717
Maine,55,45.3029,-71.0829
Michigan,0,48.3033,-88.3713
Michigan,1,48.0101,-87.6050
Michigan,2,46.8902,-84.8584
Michigan,3,46.6362,-84.7650
Michigan,4,46.4606,-84.5563
Michigan,5,46.4525,-84.4780
Michigan,6,46.4894,-84.4450
Michigan,7,46.5008,-84.4203
Michigan,8,46.4989,-84.3956
Michigan,9,46.5093,-84.3750
Michigan,10,46.5069,-84.3386
Michigan,11,46.4927,-84.2905
Michigan,12,46.4951,-84.2651
Michigan,13,46.5343,-84.2253
Michigan,14,46.5404,-84.1951
Michigan,15,46.5272,-84.1779
Michigan,16,46.5348,-84.1347
Michigan,17,46.5041,-84.1113
Michigan,18,46.4189,-84.1457
Michigan,19,46.3720,-84.1395
Michigan,20,46.3218,-84.1058
Michigan,21,46.3147,-84.1203
Michigan,22,46.2672,-84.1148
Michigan,23,46.2563,-84.0969
Michigan,24,46.2411,-84.1093
Michigan,25,46.2098,-84.0859
Michigan,26,46.1879,-84.0777
Michigan,27,46.1508,-84.0097
Michigan,28,46.1180,-84.0070
Michigan,29,46.1018,-83.9761
Michigan,30,46.0570,-83.9555
Michigan,31,46.0604,-83.9040
Michigan,32,46.1185,-83.8264
Michigan,33,46.1028,-83.7598
Michigan,34,46.1218,-83.6547
Michigan,35,46.1056,-83.5723
Michigan,36,45.9993,-83.4343
Michigan,37,45.8211,-83.5977
Michigan,38,45.3396,-82.5197
Michigan,39,43.5918,-82.1221
Michigan,40,43.0112,-82.4119
Michigan,41,42.9956,-82.4249
Michigan,42,42.9579,-82.4236
Michigan,43,42.9021,-82.4648
Michigan,44,42.8543,-82.4689
Michigan,45,42.8100,-82.4826
Michigan,46,42.7863,-82.4723
Michigan,47,42.7339,-82.4847
Michigan,48,42.6855,-82.5032
Michigan,49,42.6380,-82.5108
Michigan,50,42.6036,-82.5307
Michigan,51,42.5672,-82.5774
Michigan,52,42.5490,-82.5993
Michigan,53,42.5521,-82.6501
Michigan,54,42.5354,-82.6680
Michigan,55,42.4746,-82.7257
Michigan,56,42.4726,-82.7250
Michigan,57,42.3738,-82.8280
Michigan,58,42.3469,-82.9440
Michigan,59,42.3382,-82.9550
Michigan,60,42.3098,-83.0779
Michigan,61,42.2392,-83.1294
Michigan,62,42.1741,-83.1342
Michigan,63,42.1267,-83.1212
Michigan,64,42.0411,-83.1493
Michigan,65,41.9600,-83.1116
Michigan,66,41.7344,-83.4164
Michigan,67,41.7211,-83.8724
Michigan,68,41.7057,-84.3736
Michigan,69,41.6965,-84.8062
Michigan,70,41.7611,-84.8076
Michigan,71,41.7621,-87.2067
Michigan,72,42.4934,-87.0241
Michigan,73,43.3771,-87.1477
Michigan,74,43.7056,-87.1216
Michigan,75,43.9958,-87.0474
Michigan,76,44.1674,-86.9939
Michigan,77,44.4720,-86.8662
Michigan,78,44.8841,-86.6849
Michigan,79,45.0813,-86.5009
Michigan,80,45.2353,-86.2495
Michigan,81,45.4438,-86.7563
Michigan,82,45.4438,-87.0996
Michigan,83,45.3772,-87.1518
Michigan,84,45.3502,-87.1710
Michigan,85,45.2401,-87.3166
Michigan,86,45.2024,-87.4059
Michigan,87,45.0774,-87.4416
Michigan,88,45.0910,-87.5912
Michigan,89,45.1036,-87.6407
Michigan,90,45.2207,-87.6970
Michigan,91,45.3367,-87.6476
Michigan,92,45.3878,-87.6984
Michigan,93,45.3425,-87.8494
Michigan,94,45.5025,-87.7959
Michigan,95,45.6726,-87.7890
Michigan,96,45.7570,-87.9318
Michigan,97,45.7953,-87.9922
Michigan,98,45.8058,-88.1186
Michigan,99,45.8585,-88.0870
Michigan,100,45.9531,-88.1955
Michigan,101,45.9722,-88.3438
Michigan,102,45.9836,-88.3891
Michigan,103,46.0113,-88.5457
Michigan,104,45.9970,-88.7022
Michigan,105,46.0227,-88.8135
Michigan,106,46.0418,-88.8547
Michigan,107,46.1408,-89.0936
Michigan,108,46.3384,-90.1222
Michigan,109,46.5692,-90.4175
Michigan,110,46.9034,-90.2019
Michigan,111,47.2913,-89.9547
Michigan,112,48.0129,-89.4946
Michigan,113,47.9743,-89.3381
Michigan,114,48.2448,-88.6761
Michigan,115,48.3042,-88.3726
Minnesota,0,43.5008,-96.4517
Minnesota,1,43.5017,-91.2195
Minnesota,2,43.8226,-91.3101
Minnesota,3,43.9651,-91.4914
Minnesota,4,44.1113,-91.7084
Minnesota,5,44.2806,-91.8951
Minnesota,6,44.3710,-91.9556
Minnesota,7,44.4357,-92.2083
Minnesota,8,44.5513,-92.3360
Minnesota,9,44.6501,-92.6367
Minnesota,10,44.7877,-92.7658
Minnesota,11,45.3135,-92.7081
Minnesota,12,45.4505,-92.6532
Minnesota,13,45.6083,-92.8482
Minnesota,14,45.8307,-92.7356
Minnesota,15,45.9760,-92.5159
Minnesota,16,46.0151,-92.3566
Minnesota,17,46.0789,-92.2934
Minnesota,18,46.5957,-92.2879
Minnesota,19,47.3072,-90.6564
Minnesota,20,47.2885,-89.9615
Minnesota,21,48.0120,-89.4919
Minnesota,22,48.0193,-89.7583
Minnesota,23,48.0285,-89.9931
Minnesota,24,48.0827,-90.0261
Minnesota,25,48.1074,-90.1758
Minnesota,26,48.0955,-90.3502
Minnesota,27,48.1074,-90.4834
Minnesota,28,48.1175,-90.5644
Minnesota,29,48.0928,-90.7471
Minnesota,30,48.1588,-90.7759
Minnesota,31,48.2402,-90.8405
Minnesota,32,48.2174,-90.9792
Minnesota,33,48.0726,-91.3252
Minnesota,34,48.0505,-91.5738
Minnesota,35,48.1166,-91.7070
Minnesota,36,48.1963,-91.7166
Minnesota,37,48.2494,-91.9844
Minnesota,38,48.3188,-92.0078
Minnesota,39,48.3544,-92.0531
Minnesota,40,48.3599,-92.1561
Minnesota,41,48.3307,-92.2975
Minnesota,42,48.2475,-92.2742
Minnesota,43,48.2228,-92.3717
Minnesota,44,48.3854,-92.4609
Minnesota,45,48.4474,-92.5104
Minnesota,46,48.4611,-92.7122
Minnesota,47,48.4984,-92.6340
Minnesota,48,48.5403,-92.6395
Minnesota,49,48.6393,-93.2066
Minnesota,50,48.5884,-93.4648
Minnesota,51,48.5439,-93.4621
Minnesota,52,48.5166,-93.8013
Minnesota,53,48.6284,-93.8356
Minnesota,54,48.6547,-94.2531
Minnesota,55,48.7046,-94.2792
Minnesota,56,48.6982,-94.4467
Minnesota,57,48.7861,-94.6925
Minnesota,58,48.8756,-94.6788
Minnesota,59,49.0955,-94.7488
Minnesota,60,49.1889,-94.7955
Minnesota,61,49.3189,-94.8175
Minnesota,62,49.3815,-94.9631
Minnesota,63,49.3538,-95.0400
Minnesota,64,49.3681,-95.1196
Minnesota,65,49.3877,-95.1553
Minnesota,66,48.9991,-95.1553
Minnesota,67,49.0000,-97.2304
Minnesota,68,48.8647,-97.1851
Minnesota,69,48.7806,-97.1576
Minnesota,70,48.6683,-97.1040
Minnesota,71,48.5539,-97.1645
Minnesota,72,48.2832,-97.1411
Minnesota,73,48.1578,-97.1397
Minnesota,74,47.9633,-97.0587
Minnesota,75,47.7098,-96.9434
Minnesota,76,47.5821,-96.8582
Minnesota,77,47.2345,-96.8335
Minnesota,78,46.6702,-96.8005
Minnesota,79,46.5135,-96.7126
Minnesota,80,46.2786,-96.6028
Minnesota,81,46.0189,-96.5767
Minnesota,82,45.8173,-96.5891
Minnesota,83,45.6169,-96.8486
Minnesota,84,45.4601,-96.7456
Minnesota,85,45.3676,-96.5918
Minnesota,86,45.2961,-96.4558
Minnesota,87,43.5008,-96.4531
Missouri,0,40.6181,-91.7468
Missouri,1,40.5597,-91.6809
Missouri,2,40.5472,-91.6260
Missouri,3,40.4658,-91.5463
Missouri,4,40.3675,-91.4337
Missouri,5,40.1663,-91.5161
Missouri,6,39.9866,-91.4900
Missouri,7,39.8634,-91.4447
Missouri,8,39.7283,-91.3623
Missouri,9,39.6861,-91.3074
Missouri,10,39.5464,-91.1096
Missouri,11,39.4022,-90.9558
Missouri,12,39.2450,-90.7306
Missouri,13,38.9893,-90.6812
Missouri,14,38.8697,-90.5878
Missouri,15,38.9722,-90.4504
Missouri,16,38.8868,-90.1813
Missouri,17,38.8269,-90.1154
Missouri,18,38.7155,-90.1978
Missouri,19,38.4149,-90.3186
Missouri,20,38.2597,-90.3790
Missouri,21,37.9572,-89.9341
Missouri,22,37.6925,-89.5331
Missouri,23,37.4007,-89.4287
Missouri,24,37.2784,-89.5386
Missouri,25,37.1734,-89.4452
Missouri,26,37.0859,-89.3793
Missouri,27,36.9938,-89.2859
Missouri,28,37.0311,-89.1829
Missouri,29,36.9839,-89.1403
Missouri,30,36.9466,-89.1005
Missouri,31,36.7884,-89.1788
Missouri,32,36.6288,-89.2035
Missouri,33,36.5449,-89.2516
Missouri,34,36.6188,-89.3532
Missouri,35,36.5538,-89.4397
Missouri,36,36.4942,-89.5358
Missouri,37,36.3594,-89.5331
Missouri,38,36.2509,-89.5345
Missouri,39,36.0891,-89.6100
Missouri,40,36.0002,-89.7116
Missouri,41,35.9958,-90.3735
Missouri,42,36.1223,-90.2747
Missouri,43,36.2886,-90.0934
Missouri,44,36.3903,-90.0769
Missouri,45,36.4213,-90.1538
Missouri,46,36.5008,-90.1538
Missouri,47,36.4975,-94.6184
Missouri,48,38.9722,-94.6143
Missouri,49,39.1982,-94.6143
Missouri,50,39.1684,-94.7241
Missouri,51,39.2790,-94.8834
Missouri,52,39.5612,-95.1086
Missouri,53,39.7283,-94.8834
Missouri,54,39.8296,-94.8944
Missouri,55,39.8845,-94.9384
Missouri,56,39.8971,-95.0153
Missouri,57,39.8718,-95.0922
Missouri,58,40.0066,-95.3119
Missouri,59,40.2460,-95.4794
Missouri,60,40.3256,-95.6635
Missouri,61,40.5879,-95.7527
Missouri,62,40.5795,-94.3135
Missouri,63,40.5962,-92.5818
Missouri,64,40.6140,-91.7358
Mississippi,0,35.0041,-90.3049
Mississippi,1,35.0075,-88.1955
Mississippi,2,34.8882,-88.0994
Mississippi,3,34.7044,-88.1241
Mississippi,4,33.6661,-88.2573
Mississippi,5,31.8939,-88.4756
Mississippi,6,30.8657,-88.4180
Mississippi,7,30.1594,-88.3850
Mississippi,8,30.0905,-88.8327
Mississippi,9,30.2104,-89.1870
Mississippi,10,30.1570,-89.4919
Mississippi,11,30.1796,-89.5757
Mississippi,12,30.3326,-89.6457
Mississippi,13,30.5232,-89.7748
Mississippi,14,30.6663,-89.8531
Mississippi,15,30.9988,-89.7377
Mississippi,16,30.9988,-91.6287
Mississippi,17,31.0341,-91.5601
Mississippi,18,31.1106,-91.6273
Mississippi,19,31.1658,-91.5916
Mississippi,20,31.2304,-91.6589
Mississippi,21,31.2656,-91.6452
Mississippi,22,31.2609,-91.5436
Mississippi,23,31.3724,-91.5271
Mississippi,24,31.4099,-91.5161
Mississippi,25,31.5071,-91.5120
Mississippi,26,31.5692,-91.4502
Mississippi,27,31.6230,-91.5147
Mississippi,28,31.6253,-91.3966
Mississippi,29,31.7936,-91.3513
Mississippi,30,31.8589,-91.2744
Mississippi,31,31.9755,-91.1673
Mississippi,32,32.0267,-91.0767
Mississippi,33,32.1198,-91.0767
Mississippi,34,32.1942,-91.0437
Mississippi,35,32.2221,-91.0107
Mississippi,36,32.3150,-90.9132
Mississippi,37,32.3742,-91.0313
Mississippi,38,32.4263,-91.0217
Mississippi,39,32.4634,-91.0986
Mississippi,40,32.6070,-91.0080
Mississippi,41,32.5746,-91.1096
Mississippi,42,32.6394,-91.1536
Mississippi,43,32.7226,-91.1426
Mississippi,44,32.7873,-91.1426
Mississippi,45,32.8519,-91.1536
Mississippi,46,32.8796,-91.1206
Mississippi,47,32.9257,-91.2195
Mississippi,48,32.9995,-91.2085
Mississippi,49,33.0444,-91.2016
Mississippi,50,33.1192,-91.2016
Mississippi,51,33.1835,-91.1041
Mississippi,52,33.3397,-91.1536
Mississippi,53,33.4223,-91.1646
Mississippi,54,33.4337,-91.2291
Mississippi,55,33.5414,-91.2524
Mississippi,56,33.6135,-91.1838
Mississippi,57,33.6878,-91.2524
Mississippi,58,33.6969,-91.1261
Mississippi,59,33.7883,-91.1426
Mississippi,60,33.7700,-91.0437
Mississippi,61,33.8339,-91.0327
Mississippi,62,33.8795,-91.0657
Mississippi,63,33.9434,-91.0876
Mississippi,64,33.9889,-90.9998
Mississippi,65,34.0253,-90.9229
Mississippi,66,34.0891,-90.9009
Mississippi,67,34.1345,-90.9668
Mississippi,68,34.1709,-90.9119
Mississippi,69,34.1345,-90.8501
Mississippi,70,34.2277,-90.9338
Mississippi,71,34.2833,-90.8267
Mississippi,72,34.3434,-90.6921
Mississippi,73,34.3774,-90.6509
Mississippi,74,34.3978,-90.6152
Mississippi,75,34.4432,-90.5589
Mississippi,76,34.5179,-90.5740
Mississippi,77,34.5880,-90.5823
Mississippi,78,34.7506,-90.5356
Mississippi,79,34.7913,-90.5136
Mississippi,80,34.8780,-90.4532
Mississippi,81,34.8476,-90.3543
Mississippi,82,34.8702,-90.2911
Mississippi,83,35.0041,-90.3062
Montana,0,44.4750,-111.0512
Montana,1,44.7311,-111.3684
Montana,2,44.6198,-111.5071
Montana,3,44.5386,-111.4673
Montana,4,44.5151,-111.8285
Montana,5,44.5592,-111.8848
Montana,6,44.5229,-112.1127
Montana,7,44.5367,-112.3270
Montana,8,44.4475,-112.3901
Montana,9,44.4896,-112.7293
Montana,10,44.4181,-112.8296
Montana,11,44.3563,-112.8529
Montana,12,44.4857,-113.0205
Montana,13,44.5905,-113.0713
Montana,14,44.7389,-113.1152
Montana,15,44.8091,-113.2471
Montana,16,44.7887,-113.3459
Montana,17,44.9386,-113.4970
Montana,18,45.0269,-113.4229
Montana,19,45.2749,-113.7085
Montana,20,45.4447,-113.7964
Montana,21,45.6140,-113.8403
Montana,22,45.6908,-113.9722
Montana,23,45.5631,-114.1315
Montana,24,45.5525,-114.2358
Montana,25,45.4592,-114.3347
Montana,26,45.5439,-114.4652
Montana,27,45.5583,-114.5668
Montana,28,45.6755,-114.5215
Montana,29,45.7733,-114.5641
Montana,30,45.8613,-114.4391
Montana,31,45.9989,-114.4817
Montana,32,46.1237,-114.5132
Montana,33,46.2577,-114.4652
Montana,34,46.3441,-114.4171
Montana,35,46.4530,-114.3896
Montana,36,46.5069,-114.3484
Montana,37,46.6504,-114.3279
Montana,38,46.6334,-114.4652
Montana,39,46.6362,-114.5929
Montana,40,46.7003,-114.7659
Montana,41,46.8423,-114.9307
Montana,42,47.0402,-115.1147
Montana,43,47.1888,-115.2933
Montana,44,47.2569,-115.3290
Montana,45,47.3025,-115.5267
Montana,46,47.4253,-115.7547
Montana,47,47.5487,-115.7533
Montana,48,47.5793,-115.6956
Montana,49,47.9771,-116.0458
Montana,50,48.9991,-116.0458
Montana,51,48.9991,-104.0501
Montana,52,45.0269,-104.0186
Montana,53,45.0153,-104.0186
Montana,54,44.9978,-104.0199
Montana,55,44.9959,-111.0498
Montana,56,44.4750,-111.0512
North Carolina,0,33.7963,-78.4850
North Carolina,1,34.8037,-79.6742
North Carolina,2,34.8206,-80.8003
North Carolina,3,34.9377,-80.7880
North Carolina,4,35.1019,-80.9377
North Carolina,5,35.0356,-81.0379
North Carolina,6,35.1457,-81.0324
North Carolina,7,35.1660,-81.3867
North Carolina,8,35.1985,-82.2739
North Carolina,9,35.2041,-82.3933
North Carolina,10,35.0637,-82.7765
North Carolina,11,35.0817,-82.7861
North Carolina,12,34.9996,-83.1075
North Carolina,13,34.9918,-83.6183
North Carolina,14,34.9918,-84.3201
North Carolina,15,35.2131,-84.2885
North Carolina,16,35.2680,-84.2226
North Carolina,17,35.2310,-84.1113
North Carolina,18,35.2815,-84.0454
North Carolina,19,35.4058,-84.0248
North Carolina,20,35.4719,-83.9424
North Carolina,21,35.5166,-83.8559
North Carolina,22,35.5512,-83.6938
North Carolina,23,35.5680,-83.5181
North Carolina,24,35.6327,-83.3849
North Carolina,25,35.7142,-83.2475
North Carolina,26,35.7799,-82.9962
North Carolina,27,35.8445,-82.9276
North Carolina,28,35.9224,-82.8191
North Carolina,29,35.9958,-82.7710
North Carolina,30,36.0613,-82.6419
North Carolina,31,35.9702,-82.6103
North Carolina,32,35.9547,-82.5677
North Carolina,33,36.0236,-82.4730
North Carolina,34,36.0669,-82.4194
North Carolina,35,36.1168,-82.3535
North Carolina,36,36.1345,-82.2862
North Carolina,37,36.1467,-82.1461
North Carolina,38,36.1035,-82.1228
North Carolina,39,36.1268,-82.0267
North Carolina,40,36.2797,-81.9360
North Carolina,41,36.3527,-81.7987
North Carolina,42,36.3361,-81.7081
North Carolina,43,36.5880,-81.6724
North Carolina,44,36.5659,-80.7234
North Carolina,45,36.5438,-80.2977
North Carolina,46,36.5449,-79.6729
North Carolina,47,36.5449,-77.2559
North Carolina,48,36.5505,-75.7562
North Carolina,49,36.3129,-75.7068
North Carolina,50,35.7131,-75.4129
North Carolina,51,35.2041,-75.4720
North Carolina,52,34.9794,-76.0748
North Carolina,53,34.5258,-76.4951
North Carolina,54,34.5880,-76.8109
North Carolina,55,34.5314,-77.1378
North Carolina,56,34.3910,-77.4481
North Carolina,57,34.0481,-77.7983
North Carolina,58,33.7666,-77.9260
North Carolina,59,33.7963,-78.4863
North Dakota,0,48.9955,-104.0501
North Dakota,1,45.9445,-104.0446
North Dakota,2,45.9340,-96.5671
North Dakota,3,46.3242,-96.6028
North Dakota,4,46.6636,-96.7978
North Dakota,5,46.8602,-96.7896
North Dakota,6,46.9503,-96.7896
North Dakota,7,47.1300,-96.8335
North Dakota,8,47.2345,-96.8335
North Dakota,9,47.4132,-96.8555
North Dakota,10,47.5469,-96.8555
North Dakota,11,47.6506,-96.8774
North Dakota,12,47.9918,-97.0601
North Dakota,13,48.1267,-97.1260
North Dakota,14,48.2859,-97.1109
North Dakota,15,48.4301,-97.1233
North Dakota,16,48.5530,-97.1425
North Dakota,17,48.6765,-97.0999
North Dakota,18,48.7326,-97.1356
North Dakota,19,48.7951,-97.1727
North Dakota,20,48.9081,-97.2290
North Dakota,21,48.9982,-97.2331
North Dakota,22,48.9946,-104.0501
Nebraska,0,42.9986,-104.0543
Nebraska,1,41.0027,-104.0543
Nebraska,2,41.0006,-102.0506
Nebraska,3,40.0034,-102.0493
Nebraska,4,39.9992,-95.3091
Nebraska,5,40.2397,-95.4808
Nebraska,6,40.3130,-95.6470
Nebraska,7,40.4302,-95.6689
Nebraska,8,40.5900,-95.7500
Nebraska,9,40.6827,-95.8543
Nebraska,10,40.8138,-95.8447
Nebraska,11,40.9654,-95.8324
Nebraska,12,41.0794,-95.8667
Nebraska,13,41.2923,-95.8722
Nebraska,14,41.4458,-95.9354
Nebraska,15,41.5261,-95.9999
Nebraska,16,41.6380,-96.0988
Nebraska,17,41.7703,-96.0686
Nebraska,18,41.8368,-96.1084
Nebraska,19,41.9677,-96.1372
Nebraska,20,42.0330,-96.2402
Nebraska,21,42.1155,-96.2746
Nebraska,22,42.2021,-96.3583
Nebraska,23,42.2448,-96.3281
Nebraska,24,42.3890,-96.4188
Nebraska,25,42.4731,-96.4037
Nebraska,26,42.5369,-96.6357
Nebraska,27,42.6057,-96.7099
Nebraska,28,42.6532,-96.6893
Nebraska,29,42.6602,-96.7621
Nebraska,30,42.7147,-96.8390
Nebraska,31,42.7571,-96.9763
Nebraska,32,42.8085,-97.2029
Nebraska,33,42.8458,-97.2290
Nebraska,34,42.8629,-97.3979
Nebraska,35,42.8427,-97.5133
Nebraska,36,42.8488,-97.6149
Nebraska,37,42.8659,-97.8456
Nebraska,38,42.7470,-97.9980
Nebraska,39,42.8337,-98.1450
Nebraska,40,42.9293,-98.4485
Nebraska,41,42.9966,-98.5020
Nebraska,42,43.0006,-104.0543
New Hampshire,0,45.0153,-71.5045
New Hampshire,1,45.0532,-71.4977
New Hampshire,2,45.0910,-71.4619
New Hampshire,3,45.1520,-71.4276
New Hampshire,4,45.2043,-71.3960
New Hampshire,5,45.2362,-71.4455
New Hampshire,6,45.2372,-71.3878
New Hampshire,7,45.2710,-71.3617
New Hampshire,8,45.3029,-71.2834
New Hampshire,9,45.2507,-71.2299
New Hampshire,10,45.2391,-71.1818
New Hampshire,11,45.2478,-71.1584
New Hampshire,12,45.2469,-71.1337
New Hampshire,13,45.2846,-71.1145
New Hampshire,14,45.3058,-71.0843
New Hampshire,15,44.9230,-71.0527
New Hampshire,16,44.3592,-71.0143
New Hampshire,17,43.7364,-70.9840
New Hampshire,18,43.5704,-70.9731
New Hampshire,19,43.3621,-70.9813
New Hampshire,20,43.2942,-70.9030
New Hampshire,21,43.2272,-70.8083
New Hampshire,22,43.1411,-70.8261
New Hampshire,23,43.1000,-70.7671
New Hampshire,24,43.0498,-70.6970
New Hampshire,25,42.9222,-70.5583
New Hampshire,26,42.8760,-70.6146
New Hampshire,27,42.8599,-70.8467
New Hampshire,28,42.8860,-70.9195
New Hampshire,29,42.8105,-71.0609
New Hampshire,30,42.8125,-71.1420
New Hampshire,31,42.7904,-71.1873
New Hampshire,32,42.7349,-71.1832
New Hampshire,33,42.7450,-71.2463
New Hampshire,34,42.6986,-71.2972
New Hampshire,35,42.7077,-71.7421
New Hampshire,36,42.7268,-72.4590
New Hampshire,37,42.7621,-72.5098
New Hampshire,38,42.8105,-72.5414
New Hampshire,39,42.8609,-72.5592
New Hampshire,40,42.8981,-72.5317
New Hampshire,41,42.9524,-72.5400
New Hampshire,42,42.9745,-72.4919
New Hampshire,43,42.9906,-72.4658
New Hampshire,44,43.0127,-72.4480
New Hampshire,45,43.0287,-72.4713
New Hampshire,46,43.0508,-72.4713
New Hampshire,47,43.0819,-72.4356
New Hampshire,48,43.1040,-72.4452
New Hampshire,49,43.1180,-72.4342
New Hampshire,50,43.1501,-72.4590
New Hampshire,51,43.2052,-72.4329
New Hampshire,52,43.2562,-72.4384
New Hampshire,53,43.2812,-72.4095
New Hampshire,54,43.3741,-72.4150
New Hampshire,55,43.4988,-72.3807
New Hampshire,56,43.5127,-72.4013
New Hampshire,57,43.5834,-72.3779
New Hampshire,58,43.6420,-72.3134
New Hampshire,59,43.6758,-72.3024
New Hampshire,60,43.7036,-72.3079
New Hampshire,61,43.7344,-72.2694
New Hampshire,62,43.7741,-72.2035
New Hampshire,63,43.8187,-72.1870
New Hampshire,64,43.8672,-72.1843
New Hampshire,65,43.8890,-72.1568
New Hampshire,66,43.9117,-72.1321
New Hampshire,67,43.9454,-72.1198
New Hampshire,68,44.0017,-72.1170
New Hampshire,69,44.0856,-72.0470
New Hampshire,70,44.1093,-72.0552
New Hampshire,71,44.1428,-72.0387
New Hampshire,72,44.1763,-72.0580
New Hampshire,73,44.1999,-72.0703
New Hampshire,74,44.2511,-72.0525
New Hampshire,75,44.2796,-72.0607
New Hampshire,76,44.3199,-72.0291
New Hampshire,77,44.3376,-71.9783
New Hampshire,78,44.3592,-71.9289
New Hampshire,79,44.3366,-71.8712
New Hampshire,80,44.3572,-71.8135
New Hampshire,81,44.3877,-71.8108
New Hampshire,82,44.4014,-71.7778
New Hampshire,83,44.4122,-71.7380
New Hampshire,84,44.4416,-71.6597
New Hampshire,85,44.4642,-71.6542
New Hampshire,86,44.5073,-71.5855
New Hampshire,87,44.5357,-71.5746
New Hampshire,88,44.5601,-71.6048
New Hampshire,89,44.5680,-71.5897
New Hampshire,90,44.5680,-71.5649
New Hampshire,91,44.5914,-71.5485
New Hampshire,92,44.5993,-71.5649
New Hampshire,93,44.6315,-71.5540
New Hampshire,94,44.6608,-71.5924
New Hampshire,95,44.7243,-71.6130
New Hampshire,96,44.7526,-71.6364
New Hampshire,97,44.8198,-71.5746
New Hampshire,98,44.8325,-71.5526
New Hampshire,99,44.8539,-71.5553
New Hampshire,100,44.8744,-71.5279
New Hampshire,101,44.9123,-71.5018
New Hampshire,102,44.9366,-71.5182
New Hampshire,103,44.9697,-71.5237
New Hampshire,104,44.9862,-71.5443
New Hampshire,105,45.0017,-71.5237
New Hampshire,106,45.0163,-71.5045
New Jersey,0,41.3572,-74.6950
New Jersey,1,41.3394,-74.6559
New Jersey,2,40.9934,-73.8940
New Jersey,3,40.8398,-73.9586
New Jersey,4,40.7691,-74.0094
New Jersey,5,40.6994,-74.0231
New Jersey,6,40.6786,-74.0437
New Jersey,7,40.6515,-74.0808
New Jersey,8,40.6421,-74.1357
New Jersey,9,40.6452,-74.1962
New Jersey,10,40.5952,-74.2003
New Jersey,11,40.5566,-74.2195
New Jersey,12,40.4877,-74.2552
New Jersey,13,40.4762,-74.2264
New Jersey,14,40.5253,-73.9503
New Jersey,15,40.4846,-73.8885
New Jersey,16,40.0045,-73.9352
New Jersey,17,39.6131,-74.0410
New Jersey,18,39.4744,-74.2209
New Jersey,19,38.9882,-74.6713
New Jersey,20,38.8664,-74.8553
New Jersey,21,38.8472,-75.0476
New Jersey,22,39.0565,-75.1685
New Jersey,23,39.2525,-75.3250
New Jersey,24,39.4500,-75.5544
New Jersey,25,39.4966,-75.5612
New Jersey,26,39.4998,-75.5283
New Jersey,27,39.5411,-75.5338
New Jersey,28,39.5761,-75.5090
New Jersey,29,39.6237,-75.5708
New Jersey,30,39.6713,-75.5104
New Jersey,31,39.7167,-75.4843
New Jersey,32,39.8033,-75.4156
New Jersey,33,39.8360,-75.2632
New Jersey,34,39.8823,-75.1918
New Jersey,35,40.1180,-74.7922
New Jersey,36,40.1390,-74.7331
New Jersey,37,40.2565,-74.8485
New Jersey,38,40.3361,-74.9419
New Jersey,39,40.4020,-74.9721
New Jersey,40,40.4240,-75.0627
New Jersey,41,40.4898,-75.0613
New Jersey,42,40.5733,-75.1067
New Jersey,43,40.5639,-75.2138
New Jersey,44,40.6192,-75.2028
New Jersey,45,40.6494,-75.2069
New Jersey,46,40.8284,-75.0806
New Jersey,47,40.8429,-75.0998
New Jersey,48,40.8689,-75.0504
New Jersey,49,40.9913,-75.1369
New Jersey,50,41.2293,-74.8677
New Jersey,51,41.3479,-74.7537
New Jersey,52,41.3469,-74.7249
New Jersey,53,41.3593,-74.6960
New Mexico,0,36.9971,-109.0448
New Mexico,1,31.3337,-109.0489
New Mexico,2,31.3349,-108.2140
New Mexico,3,31.7795,-108.2071
New Mexico,4,31.7830,-106.5317
New Mexico,5,32.0034,-106.6223
New Mexico,6,31.9999,-103.0696
New Mexico,7,36.9982,-103.0023
New Mexico,8,36.9982,-109.0475
Nevada,0,41.9922,-120.0037
Nevada,1,42.0003,-117.9602
Nevada,2,42.0003,-117.0264
Nevada,3,42.0003,-115.7300
Nevada,4,41.9952,-114.0436
Nevada,5,38.2856,-114.0546
Nevada,6,36.1955,-114.0491
Nevada,7,36.1334,-114.0985
Nevada,8,36.1068,-114.1260
Nevada,9,36.0891,-114.1150
Nevada,10,36.0313,-114.1534
Nevada,11,36.0136,-114.2468
Nevada,12,36.0624,-114.3292
Nevada,13,36.1024,-114.3237
Nevada,14,36.1434,-114.3896
Nevada,15,36.1290,-114.5105
Nevada,16,36.1467,-114.5215
Nevada,17,36.1556,-114.5654
Nevada,18,36.1334,-114.6204
Nevada,19,36.1157,-114.6863
Nevada,20,36.0979,-114.7742
Nevada,21,36.0580,-114.7357
Nevada,22,36.0447,-114.7522
Nevada,23,35.9691,-114.7412
Nevada,24,35.8980,-114.7028
Nevada,25,35.8757,-114.6588
Nevada,26,35.8579,-114.7083
Nevada,27,35.8267,-114.6973
Nevada,28,35.8089,-114.7192
Nevada,29,35.6618,-114.6973
Nevada,30,35.6037,-114.6478
Nevada,31,35.5814,-114.6863
Nevada,32,35.5233,-114.6533
Nevada,33,35.5054,-114.6863
Nevada,34,35.4070,-114.6149
Nevada,35,35.3218,-114.5929
Nevada,36,35.1783,-114.5737
Nevada,37,35.1199,-114.6094
Nevada,38,35.1109,-114.6368
Nevada,39,35.0929,-114.6368
Nevada,40,35.0750,-114.6039
Nevada,41,35.0480,-114.6259
Nevada,42,35.0345,-114.6478
Nevada,43,35.0030,-114.6423
Nevada,44,35.1334,-114.8016
Nevada,45,37.2303,-117.5153
Nevada,46,39.0000,-120.0009
Nevada,47,41.9942,-119.9982
New York,0,42.5142,-79.7624
New York,1,42.7783,-79.0672
New York,2,42.8508,-78.9313
New York,3,42.9061,-78.9024
New York,4,42.9554,-78.9313
New York,5,42.9584,-78.9656
New York,6,42.9886,-79.0219
New York,7,43.0568,-79.0027
New York,8,43.0769,-79.0727
New York,9,43.1220,-79.0713
New York,10,43.1441,-79.0302
New York,11,43.1801,-79.0576
New York,12,43.2482,-79.0604
New York,13,43.2812,-79.0837
New York,14,43.4509,-79.2004
New York,15,43.6311,-78.6909
New York,16,43.6321,-76.7958
New York,17,43.9987,-76.4978
New York,18,44.0965,-76.4388
New York,19,44.1349,-76.3536
New York,20,44.1989,-76.3124
New York,21,44.2049,-76.2437
New York,22,44.2413,-76.1655
New York,23,44.2973,-76.1353
New York,24,44.3327,-76.0474
New York,25,44.3553,-75.9856
New York,26,44.3749,-75.9196
New York,27,44.3994,-75.8730
New York,28,44.4308,-75.8221
New York,29,44.4740,-75.8098
New York,30,44.5425,-75.7288
New York,31,44.6647,-75.5585
New York,32,44.7672,-75.4088
New York,33,44.8101,-75.3442
New York,34,44.8383,-75.3058
New York,35,44.8676,-75.2399
New York,36,44.9211,-75.1204
New York,37,44.9609,-74.9995
New York,38,44.9803,-74.9899
New York,39,44.9852,-74.9103
New York,40,45.0017,-74.8856
New York,41,45.0153,-74.8306
New York,42,45.0046,-74.7633
New York,43,45.0027,-74.7070
New York,44,45.0007,-74.5642
New York,45,44.9920,-74.1467
New York,46,45.0037,-73.7306
New York,47,45.0085,-73.4203
New York,48,45.0109,-73.3430
New York,49,44.9874,-73.3547
New York,50,44.9648,-73.3379
New York,51,44.9160,-73.3396
New York,52,44.8354,-73.3739
New York,53,44.8013,-73.3324
New York,54,44.7419,-73.3667
New York,55,44.6139,-73.3873
New York,56,44.5787,-73.3736
New York,57,44.4916,-73.3049
New York,58,44.4289,-73.2953
New York,59,44.3513,-73.3365
New York,60,44.2757,-73.3118
New York,61,44.1980,-73.3818
New York,62,44.1142,-73.4079
New York,63,44.0511,-73.4367
New York,64,44.0165,-73.4065
New York,65,43.9375,-73.4079
New York,66,43.8771,-73.3749
New York,67,43.8167,-73.3914
New York,68,43.7790,-73.3557
New York,69,43.6460,-73.4244
New York,70,43.5893,-73.4340
New York,71,43.5655,-73.3969
New York,72,43.6112,-73.3818
New York,73,43.6271,-73.3049
New York,74,43.5764,-73.3063
New York,75,43.5675,-73.2582
New York,76,43.5227,-73.2445
New York,77,43.2582,-73.2582
New York,78,42.9715,-73.2733
New York,79,42.8004,-73.2898
New York,80,42.7460,-73.2664
New York,81,42.4630,-73.3708
New York,82,42.0840,-73.5095
New York,83,42.0218,-73.4903
New York,84,41.8808,-73.4999
New York,85,41.2953,-73.5535
New York,86,41.2128,-73.4834
New York,87,41.1011,-73.7275
New York,88,41.0237,-73.6644
New York,89,40.9851,-73.6578
New York,90,40.9509,-73.6132
New York,91,41.1869,-72.4823
New York,92,41.2551,-72.0950
New York,93,41.3005,-71.9714
New York,94,41.3108,-71.9193
New York,95,41.1838,-71.7915
New York,96,41.1249,-71.7929
New York,97,41.0462,-71.7517
New York,98,40.6306,-72.9465
New York,99,40.5368,-73.4628
New York,100,40.4887,-73.8885
New York,101,40.5232,-73.9490
New York,102,40.4772,-74.2271
New York,103,40.4861,-74.2532
New York,104,40.6468,-74.1866
New York,105,40.6556,-74.0547
New York,106,40.7618,-74.0156
New York,107,40.8699,-73.9421
New York,108,40.9980,-73.8934
New York,109,41.0343,-73.9854
New York,110,41.3268,-74.6274
New York,111,41.3583,-74.7084
New York,112,41.3811,-74.7101
New York,113,41.4386,-74.8265
New York,114,41.5075,-74.9913
New York,115,41.6000,-75.0668
New York,116,41.6719,-75.0366
New York,117,41.7672,-75.0545
New York,118,41.8808,-75.1945
New York,119,42.0013,-75.3552
New York,120,42.0003,-75.4266
New York,121,42.0013,-77.0306
New York,122,41.9993,-79.7250
New York,123,42.0003,-79.7621
New York,124,42.1827,-79.7621
New York,125,42.5146,-79.7621
Ohio,0,38.4385,-82.3425
Ohio,1,38.5707,-82.2917
Ohio,2,38.5965,-82.1722
Ohio,3,38.7712,-82.1997
Ohio,4,39.0181,-82.0294
Ohio,5,38.8750,-81.8729
Ohio,6,38.9359,-81.7644
Ohio,7,39.1865,-81.7397
Ohio,8,39.2812,-81.5680
Ohio,9,39.4022,-81.4444
Ohio,10,39.3460,-81.3661
Ohio,11,39.4479,-81.1244
Ohio,12,39.5549,-81.0352
Ohio,13,39.6565,-80.8374
Ohio,14,39.8676,-80.7948
Ohio,15,40.5941,-80.6520
Ohio,16,40.6223,-80.5188
Ohio,17,42.3210,-80.5229
Ohio,18,42.2153,-81.2521
Ohio,19,41.9962,-81.6806
Ohio,20,41.9962,-81.7094
Ohio,21,41.6770,-82.3961
Ohio,22,41.6709,-82.6845
Ohio,23,41.9585,-83.1157
Ohio,24,41.7314,-83.4219
Ohio,25,41.6944,-84.8021
Ohio,26,39.1056,-84.8172
Ohio,27,39.1407,-84.7444
Ohio,28,39.0960,-84.5068
Ohio,29,39.0459,-84.4052
Ohio,30,38.9434,-84.2857
Ohio,31,38.8055,-84.2432
Ohio,32,38.7712,-84.0866
Ohio,33,38.7519,-83.8916
Ohio,34,38.6330,-83.6636
Ohio,35,38.6962,-83.5263
Ohio,36,38.5976,-83.2736
Ohio,37,38.6169,-83.1445
Ohio,38,38.7027,-83.0127
Ohio,39,38.7327,-82.8973
Ohio,40,38.5782,-82.8355
Ohio,41,38.3761,-82.5952
Oklahoma,0,37.0015,-103.0051
Oklahoma,1,36.5030,-103.0037
Oklahoma,2,36.4986,-100.0003
Oklahoma,3,34.5620,-99.9934
Oklahoma,4,34.3763,-99.6172
Oklahoma,5,34.4137,-99.5787
Oklahoma,6,34.3763,-99.4290
Oklahoma,7,34.4534,-99.3823
Oklahoma,8,34.3616,-99.2505
Oklahoma,9,34.2129,-99.1818
Oklahoma,10,34.1982,-98.9648
Oklahoma,11,34.1232,-98.7424
Oklahoma,12,34.1254,-98.5570
Oklahoma,13,34.0618,-98.4746
Oklahoma,14,34.1414,-98.3743
Oklahoma,15,34.1118,-98.1793
Oklahoma,16,34.0060,-98.0818
Oklahoma,17,33.8966,-97.9843
Oklahoma,18,33.8487,-97.8662
Oklahoma,19,33.9798,-97.6932
Oklahoma,20,33.8841,-97.4529
Oklahoma,21,33.8282,-97.4611
Oklahoma,22,33.8237,-97.3622
Oklahoma,23,33.9001,-97.2166
Oklahoma,24,33.7426,-97.1645
Oklahoma,25,33.7392,-97.0930
Oklahoma,26,33.9354,-96.9173
Oklahoma,27,33.8704,-96.8527
Oklahoma,28,33.8271,-96.7484
Oklahoma,29,33.8202,-96.5602
Oklahoma,30,33.7769,-96.5053
Oklahoma,31,33.6912,-96.3474
Oklahoma,32,33.8522,-96.0205
Oklahoma,33,33.8396,-95.8379
Oklahoma,34,33.8887,-95.7349
Oklahoma,35,33.8841,-95.5426
Oklahoma,36,33.8738,-95.2831
Oklahoma,37,33.9570,-95.2171
Oklahoma,38,33.8670,-95.0496
Oklahoma,39,33.7677,-94.8862
Oklahoma,40,33.6695,-94.6692
Oklahoma,41,33.6386,-94.4852
Oklahoma,42,35.3499,-94.4357
Oklahoma,43,36.3715,-94.5978
Oklahoma,44,36.4942,-94.6198
Oklahoma,45,36.9982,-94.6211
Oklahoma,46,37.0004,-103.0064
Oregon,0,46.2587,-124.2444
Oregon,1,46.2634,-124.0384
Oregon,2,46.2891,-124.0205
Oregon,3,46.2407,-123.9368
Oregon,4,46.2388,-123.8681
Oregon,5,46.2691,-123.7390
Oregon,6,46.2520,-123.6868
Oregon,7,46.2596,-123.6456
Oregon,8,46.2577,-123.5468
Oregon,9,46.2672,-123.4863
Oregon,10,46.2369,-123.4287
Oregon,11,46.1817,-123.4287
Oregon,12,46.1513,-123.3765
Oregon,13,46.1494,-123.3051
Oregon,14,46.1874,-123.1512
Oregon,15,46.1380,-123.0222
Oregon,16,46.0980,-122.9398
Oregon,17,46.0551,-122.8848
Oregon,18,45.9588,-122.8189
Oregon,19,45.9053,-122.8162
Oregon,20,45.8824,-122.7887
Oregon,21,45.8173,-122.7969
Oregon,22,45.7637,-122.7585
Oregon,23,45.6851,-122.7750
Oregon,24,45.6505,-122.7530
Oregon,25,45.6064,-122.5937
Oregon,26,45.5679,-122.4426
Oregon,27,45.5756,-122.3712
Oregon,28,45.5506,-122.3245
Oregon,29,45.5641,-122.2064
Oregon,30,45.5987,-122.0856
Oregon,31,45.6659,-121.8933
Oregon,32,45.6812,-121.8906
Oregon,33,45.7081,-121.8164
Oregon,34,45.6966,-121.7560
Oregon,35,45.7254,-121.5335
Oregon,36,45.6928,-121.3907
Oregon,37,45.7081,-121.3646
Oregon,38,45.6582,-121.2039
Oregon,39,45.6083,-121.1957
Oregon,40,45.6102,-121.1462
Oregon,41,45.6524,-121.0803
Oregon,42,45.6582,-121.0144
Oregon,43,45.6467,-120.9814
Oregon,44,45.6563,-120.9430
Oregon,45,45.6371,-120.9100
Oregon,46,45.6755,-120.8524
Oregon,47,45.7445,-120.6052
Oregon,48,45.7158,-120.5310
Oregon,49,45.6966,-120.4733
Oregon,50,45.7234,-120.2893
Oregon,51,45.7234,-120.2124
Oregon,52,45.7714,-120.1575
Oregon,53,45.8211,-119.9680
Oregon,54,45.8498,-119.7839
Oregon,55,45.8575,-119.6658
Oregon,56,45.9149,-119.6136
Oregon,57,45.9244,-119.5724
Oregon,58,45.9110,-119.5258
Oregon,59,45.9378,-119.2676
Oregon,60,45.9168,-119.1687
Oregon,61,45.9779,-119.0149
Oregon,62,46.0027,-118.9847
Oregon,63,45.9970,-116.9165
Oregon,64,45.9569,-116.8781
Oregon,65,45.8957,-116.8588
Oregon,66,45.8747,-116.8066
Oregon,67,45.8307,-116.7902
Oregon,68,45.8192,-116.7654
Oregon,69,45.8231,-116.7105
Oregon,70,45.7828,-116.6748
Oregon,71,45.7828,-116.6144
Oregon,72,45.7522,-116.5430
Oregon,73,45.6889,-116.5402
Oregon,74,45.6121,-116.4606
Oregon,75,45.5006,-116.5567
Oregon,76,45.4640,-116.5567
Oregon,77,45.4447,-116.5869
Oregon,78,45.3213,-116.6721
Oregon,79,45.2633,-116.6940
Oregon,80,45.1414,-116.7325
Oregon,81,45.1065,-116.7764
Oregon,82,45.0696,-116.7847
Oregon,83,45.0231,-116.8451
Oregon,84,44.9765,-116.8616
Oregon,85,44.9298,-116.8286
Oregon,86,44.7955,-116.9302
Oregon,87,44.7487,-117.0346
Oregon,88,44.5787,-117.1225
Oregon,89,44.5455,-117.1445
Oregon,90,44.4847,-117.2076
Oregon,91,44.4789,-117.2269
Oregon,92,44.4063,-117.2269
Oregon,93,44.3926,-117.2488
Oregon,94,44.3455,-117.1939
Oregon,95,44.2983,-117.2269
Oregon,96,44.2570,-117.1774
Oregon,97,44.2609,-117.1445
Oregon,98,44.2806,-117.1005
Oregon,99,44.2314,-117.0511
Oregon,100,44.2491,-117.0428
Oregon,101,44.2432,-116.9797
Oregon,102,44.1940,-116.9742
Oregon,103,44.1664,-116.8945
Oregon,104,44.0935,-116.9330
Oregon,105,44.0836,-116.9714
Oregon,106,44.0521,-116.9879
Oregon,107,44.0244,-116.9302
Oregon,108,43.9533,-116.9659
Oregon,109,43.8207,-117.0209
Oregon,110,43.6639,-117.0264
Oregon,111,42.0024,-117.0264
Oregon,112,41.9983,-121.2836
Oregon,113,42.0085,-122.5003
Oregon,114,42.0064,-123.0798
Oregon,115,42.0105,-123.1540
Oregon,116,42.0044,-123.2419
Oregon,117,42.0024,-123.6209
Oregon,118,41.9952,-124.3982
Oregon,119,42.1593,-124.5493
Oregon,120,42.6521,-124.5877
Oregon,121,42.8115,-124.7305
Oregon,122,43.7552,-124.4119
Oregon,123,46.0065,-124.2554
Oregon,124,46.2587,-124.2444
Pennsylvania,0,42.3261,-80.5174
Pennsylvania,1,42.3961,-80.0821
Pennsylvania,2,42.5167,-79.7621
Pennsylvania,3,42.0003,-79.7607
Pennsylvania,4,41.9983,-75.3580
Pennsylvania,5,41.9431,-75.2673
Pennsylvania,6,41.8696,-75.1794
Pennsylvania,7,41.7713,-75.0586
Pennsylvania,8,41.6729,-75.0366
Pennsylvania,9,41.6021,-75.0641
Pennsylvania,10,41.5086,-74.9927
Pennsylvania,11,41.4283,-74.7935
Pennsylvania,12,41.3933,-74.7070
Pennsylvania,13,41.2282,-74.8608
Pennsylvania,14,40.9830,-75.1355
Pennsylvania,15,40.8554,-75.0490
Pennsylvania,16,40.6806,-75.1904
Pennsylvania,17,40.5639,-75.2124
Pennsylvania,18,40.5743,-75.1025
Pennsylvania,19,40.5013,-75.0600
Pennsylvania,20,40.4208,-75.0655
Pennsylvania,21,40.4072,-74.9776
Pennsylvania,22,40.3392,-74.9432
Pennsylvania,23,40.2628,-74.8389
Pennsylvania,24,40.1495,-74.7221
Pennsylvania,25,39.9592,-75.0929
Pennsylvania,26,39.8370,-75.2577
Pennsylvania,27,39.8128,-75.4321
Pennsylvania,28,39.8317,-75.6477
Pennsylvania,29,39.7199,-75.7892
Pennsylvania,30,39.7220,-80.5243
Pennsylvania,31,42.3240,-80.5202
Rhode Island,0,41.3706,-71.0568
Rhode Island,1,41.3706,-71.0541
Rhode Island,2,41.6339,-71.1447
Rhode Island,3,41.6791,-71.1942
Rhode Island,4,41.7611,-71.2793
Rhode Island,5,41.7775,-71.3315
Rhode Island,6,41.7918,-71.3425
Rhode Island,7,41.8225,-71.3507
Rhode Island,8,41.8512,-71.3370
Rhode Island,9,41.8880,-71.3397
Rhode Island,10,41.9288,-71.3837
Rhode Island,11,42.0156,-71.3795
Rhode Island,12,42.0064,-71.7984
Rhode Island,13,41.6750,-71.7874
Rhode Island,14,41.4530,-71.7984
Rhode Island,15,41.3943,-71.8492
Rhode Island,16,41.3315,-71.8520
Rhode Island,17,41.3057,-71.9041
Rhode Island,18,41.1849,-71.7915
Rhode Island,19,41.2665,-71.4084
South Carolina,0,32.0488,-80.7001
South Carolina,1,32.0453,-80.8978
South Carolina,2,32.1105,-81.1134
South Carolina,3,32.2058,-81.1423
South Carolina,4,32.3846,-81.1821
South Carolina,5,32.4576,-81.1986
South Carolina,6,32.5283,-81.2769
South Carolina,7,32.5838,-81.4087
South Carolina,8,32.6926,-81.4183
South Carolina,9,32.8242,-81.4746
South Carolina,10,32.9465,-81.5117
South Carolina,11,33.0098,-81.5034
South Carolina,12,33.0777,-81.6010
South Carolina,13,33.1238,-81.7122
South Carolina,14,33.2065,-81.8289
South Carolina,15,33.3443,-81.9319
South Carolina,16,33.4830,-82.0280
South Carolina,17,33.5860,-82.1475
South Carolina,18,33.6878,-82.2437
South Carolina,19,33.7609,-82.2437
South Carolina,20,33.8305,-82.3576
South Carolina,21,33.9308,-82.5018
South Carolina,22,33.9650,-82.5471
South Carolina,23,34.0947,-82.6625
South Carolina,24,34.1664,-82.7216
South Carolina,25,34.3434,-82.7930
South Carolina,26,34.4647,-82.8905
South Carolina,27,34.4760,-82.9893
South Carolina,28,34.5281,-83.0855
South Carolina,29,34.6581,-83.3121
South Carolina,30,34.7326,-83.3588
South Carolina,31,34.8318,-83.2983
South Carolina,32,34.9276,-83.1459
South Carolina,33,34.9996,-83.1047
South Carolina,34,35.0817,-82.7779
South Carolina,35,35.2075,-82.3920
South Carolina,36,35.1974,-82.2203
South Carolina,37,35.1480,-81.0379
South Carolina,38,35.0446,-81.0324
South Carolina,39,35.1019,-80.9322
South Carolina,40,34.9344,-80.7811
South Carolina,41,34.8194,-80.7948
South Carolina,42,34.8048,-79.6756
South Carolina,43,34.2016,-78.9560
South Carolina,44,33.7951,-78.4836
South Carolina,45,33.6489,-78.7871
South Carolina,46,33.2019,-79.0837
South Carolina,47,32.7607,-79.4476
South Carolina,48,32.5225,-79.8116
South Carolina,49,32.3556,-80.1508
South Carolina,50,32.2012,-80.4240
South Carolina,51,32.0500,-80.7001
South Dakota,0,45.9435,-104.0501
South Dakota,1,43.0026,-104.0529
South Dakota,2,42.9946,-98.4993
South Dakota,3,42.9283,-98.4444
South Dakota,4,42.8438,-98.1958
South Dakota,5,42.7773,-98.0571
South Dakota,6,42.7631,-97.9761
South Dakota,7,42.8599,-97.8566
South Dakota,8,42.8518,-97.2290
South Dakota,9,42.8075,-97.2057
South Dakota,10,42.7157,-96.8486
South Dakota,11,42.5237,-96.6220
South Dakota,12,42.4772,-96.4806
South Dakota,13,42.7299,-96.6289
South Dakota,14,43.0046,-96.5039
South Dakota,15,43.1331,-96.4380
South Dakota,16,43.2262,-96.5561
South Dakota,17,43.3841,-96.5259
South Dakota,18,43.4848,-96.6138
South Dakota,19,43.4998,-96.4558
South Dakota,20,45.2981,-96.4545
South Dakota,21,45.4601,-96.7429
South Dakota,22,45.6160,-96.8472
South Dakota,23,45.8202,-96.5849
South Dakota,24,45.9311,-96.5643
South Dakota,25,45.9416,-104.0501
Tennessee,0,36.6739,-88.0678
Tennessee,1,36.6354,-87.8522
Tennessee,2,36.6023,-83.6787
Tennessee,3,36.5946,-81.9402
Tennessee,4,36.6144,-81.9209
Tennessee,5,36.6111,-81.6518
Tennessee,6,36.3295,-81.7163
Tennessee,7,36.3516,-81.7973
Tennessee,8,36.2974,-81.9072
Tennessee,9,36.1212,-82.0308
Tennessee,10,36.1024,-82.1255
Tennessee,11,36.1434,-82.1475
Tennessee,12,36.1323,-82.2450
Tennessee,13,36.1168,-82.3521
Tennessee,14,36.0702,-82.4167
Tennessee,15,35.9669,-82.5389
Tennessee,16,35.9702,-82.6076
Tennessee,17,36.0602,-82.6378
Tennessee,18,35.9925,-82.7751
Tennessee,19,35.9169,-82.8177
Tennessee,20,35.8623,-82.9042
Tennessee,21,35.7755,-83.0017
Tennessee,22,35.7131,-83.2393
Tennessee,23,35.5635,-83.4961
Tennessee,24,35.5501,-83.6938
Tennessee,25,35.5233,-83.8284
Tennessee,26,35.5065,-83.8847
Tennessee,27,35.4014,-84.0248
Tennessee,28,35.2905,-84.0276
Tennessee,29,35.2322,-84.1113
Tennessee,30,35.2624,-84.2294
Tennessee,31,35.2198,-84.2926
Tennessee,32,34.9884,-84.3201
Tennessee,33,34.9996,-90.3131
Tennessee,34,35.1233,-90.2843
Tennessee,35,35.1379,-90.1758
Tennessee,36,35.1985,-90.1112
Tennessee,37,35.2849,-90.1524
Tennessee,38,35.4372,-90.1346
Tennessee,39,35.5568,-90.0192
Tennessee,40,35.7343,-89.9547
Tennessee,41,35.8579,-89.7638
Tennessee,42,35.9180,-89.6635
Tennessee,43,35.9947,-89.7130
Tennessee,44,36.0902,-89.6759
Tennessee,45,36.1279,-89.5894
Tennessee,46,36.1856,-89.6484
Tennessee,47,36.2343,-89.7006
Tennessee,48,36.2531,-89.5331
Tennessee,49,36.2996,-89.6210
Tennessee,50,36.3494,-89.5784
Tennessee,51,36.3406,-89.5180
Tennessee,52,36.4964,-89.5345
Tennessee,53,36.5107,-89.3051
Tennessee,54,36.4986,-88.1667
Tennessee,55,36.4997,-88.0692
Tennessee,56,36.6871,-88.0637
Texas,0,31.8659,-106.5715
Texas,1,31.7504,-106.5042
Texas,2,31.6242,-106.3092
Texas,3,31.4638,-106.2103
Texas,4,31.3912,-106.0181
Texas,5,31.1846,-105.7874
Texas,6,31.0012,-105.5663
Texas,7,30.8456,-105.4015
Texas,8,30.6462,-105.0032
Texas,9,30.3847,-104.8521
Texas,10,30.2591,-104.7437
Texas,11,30.0738,-104.6915
Texas,12,29.9169,-104.6777
Texas,13,29.7644,-104.5679
Texas,14,29.6475,-104.5280
Texas,15,29.5603,-104.4044
Texas,16,29.4719,-104.2067
Texas,17,29.3834,-104.1559
Texas,18,29.2948,-103.9774
Texas,19,29.2804,-103.9128
Texas,20,29.2481,-103.8208
Texas,21,29.1378,-103.5640
Texas,22,29.0682,-103.4692
Texas,23,29.0105,-103.3154
Texas,24,28.9601,-103.1616
Texas,25,29.0177,-103.0957
Texas,26,29.1330,-103.0298
Texas,27,29.2157,-102.8677
Texas,28,29.2565,-102.8979
Texas,29,29.3570,-102.8375
Texas,30,29.4898,-102.8004
Texas,31,29.6881,-102.7002
Texas,32,29.7691,-102.5134
Texas,33,29.7596,-102.3843
Texas,34,29.8788,-102.3047
Texas,35,29.7834,-102.1509
Texas,36,29.7572,-101.7004
Texas,37,29.7644,-101.4917
Texas,38,29.6308,-101.2939
Texas,39,29.5269,-101.2582
Texas,40,29.3642,-101.0056
Texas,41,29.3056,-100.9204
Texas,42,29.1642,-100.7707
Texas,43,29.0946,-100.7007
Texas,44,28.9012,-100.6306
Texas,45,28.6593,-100.4974
Texas,46,28.4675,-100.3601
Texas,47,28.2778,-100.2969
Texas,48,28.1882,-100.1733
Texas,49,28.0526,-100.0195
Texas,50,27.9435,-99.9344
Texas,51,27.7638,-99.8438
Texas,52,27.6641,-99.7119
Texas,53,27.4839,-99.4812
Texas,54,27.3059,-99.5375
Texas,55,27.1948,-99.4290
Texas,56,27.0175,-99.4455
Texas,57,26.8829,-99.3164
Texas,58,26.6867,-99.2065
Texas,59,26.4116,-99.0967
Texas,60,26.3574,-98.8138
Texas,61,26.2257,-98.6668
Texas,62,26.2343,-98.5474
Texas,63,26.1357,-98.3276
Texas,64,26.0457,-98.1697
Texas,65,26.0518,-97.9143
Texas,66,26.0050,-97.6643
Texas,67,25.8419,-97.4020
Texas,68,25.9074,-97.3526
Texas,69,25.9679,-97.0148
Texas,70,26.1789,-97.0697
Texas,71,26.8253,-97.2249
Texas,72,27.4230,-97.0752
Texas,73,28.0599,-96.6096
Texas,74,28.4228,-95.9285
Texas,75,28.7568,-95.3036
Texas,76,29.0742,-94.7296
Texas,77,29.3810,-94.3355
Texas,78,29.6021,-93.8205
Texas,79,29.8013,-93.9317
Texas,80,29.9157,-93.8136
Texas,81,30.0489,-93.7230
Texas,82,30.1214,-93.6996
Texas,83,30.2021,-93.7216
Texas,84,30.2792,-93.7038
Texas,85,30.3278,-93.7628
Texas,86,30.3835,-93.7587
Texas,87,30.4380,-93.7010
Texas,88,30.5079,-93.7024
Texas,89,30.5362,-93.7299
Texas,90,30.6296,-93.6694
Texas,91,30.7466,-93.6090
Texas,92,30.8114,-93.5527
Texas,93,30.8834,-93.5747
Texas,94,30.9376,-93.5307
Texas,95,31.0318,-93.5074
Texas,96,31.0812,-93.5266
Texas,97,31.1787,-93.5335
Texas,98,31.1670,-93.5980
Texas,99,31.3055,-93.6832
Texas,100,31.3830,-93.6708
Texas,101,31.4369,-93.6887
Texas,102,31.5107,-93.7202
Texas,103,31.5820,-93.8315
Texas,104,31.6440,-93.8123
Texas,105,31.7188,-93.8232
Texas,106,31.7936,-93.8342
Texas,107,31.8309,-93.8782
Texas,108,31.8869,-93.9221
Texas,109,31.9335,-93.9661
Texas,110,32.0081,-94.0430
Texas,111,33.4681,-94.0430
Texas,112,33.5414,-94.0430
Texas,113,33.5689,-94.1528
Texas,114,33.5872,-94.1968
Texas,115,33.5872,-94.2627
Texas,116,33.5689,-94.3176
Texas,117,33.5597,-94.3945
Texas,118,33.5780,-94.4275
Texas,119,33.6055,-94.4275
Texas,120,33.6421,-94.4495
Texas,121,33.6329,-94.4879
Texas,122,33.6421,-94.5236
Texas,123,33.6695,-94.6637
Texas,124,33.7061,-94.7461
Texas,125,33.7791,-94.8999
Texas,126,33.8818,-95.0757
Texas,127,33.9251,-95.1526
Texas,128,33.9604,-95.2254
Texas,129,33.8750,-95.2858
Texas,130,33.8841,-95.5399
Texas,131,33.8887,-95.7568
Texas,132,33.8408,-95.8420
Texas,133,33.8556,-96.0274
Texas,134,33.6901,-96.3528
Texas,135,33.8442,-96.6179
Texas,136,33.8898,-96.5836
Texas,137,33.8955,-96.6673
Texas,138,33.8179,-96.7538
Texas,139,33.8613,-96.8335
Texas,140,33.8613,-96.8774
Texas,141,33.9388,-96.9159
Texas,142,33.7392,-97.0917
Texas,143,33.7449,-97.1645
Texas,144,33.8978,-97.2180
Texas,145,33.8225,-97.3746
Texas,146,33.8305,-97.4611
Texas,147,33.8761,-97.4460
Texas,148,33.9798,-97.6945
Texas,149,33.8476,-97.8648
Texas,150,33.8978,-97.9651
Texas,151,34.0299,-98.0983
Texas,152,34.1141,-98.1752
Texas,153,34.1425,-98.3743
Texas,154,34.0640,-98.4773
Texas,155,34.1209,-98.5529
Texas,156,34.1232,-98.7520
Texas,157,34.2095,-98.9539
Texas,158,34.2073,-99.0637
Texas,159,34.2141,-99.1832
Texas,160,34.3593,-99.2505
Texas,161,34.4613,-99.3823
Texas,162,34.3774,-99.4318
Texas,163,34.4160,-99.5718
Texas,164,34.3706,-99.6158
Texas,165,34.4726,-99.8094
Texas,166,34.5631,-99.9934
Texas,167,36.4975,-100.0017
Texas,168,36.5008,-103.0408
Texas,169,32.0011,-103.0655
Texas,170,32.0023,-106.6168
Utah,0,36.9982,-114.0491
Utah,1,37.0026,-109.0462
Utah,2,40.9986,-109.0503
Utah,3,41.0006,-111.0471
Utah,4,41.9993,-111.0498
Utah,5,41.9901,-114.0395
Utah,6,37.0015,-114.0504
Virginia,0,36.6017,-83.6753
Virginia,1,36.6519,-83.5613
Virginia,2,36.6673,-83.4432
Virginia,3,36.7108,-83.3080
Virginia,4,36.7389,-83.1974
Virginia,5,36.7433,-83.1363
Virginia,6,36.8032,-83.1047
Virginia,7,36.8302,-83.1033
Virginia,8,36.8544,-83.0704
Virginia,9,36.8478,-83.0127
Virginia,10,36.9839,-82.8534
Virginia,11,37.0086,-82.7971
Virginia,12,37.0442,-82.7360
Virginia,13,37.2664,-82.3494
Virginia,14,37.3046,-82.3027
Virginia,15,37.5054,-82.0136
Virginia,16,37.5380,-81.9681
Virginia,17,37.5139,-81.9259
Virginia,18,37.4889,-81.9707
Virginia,19,37.4563,-81.9800
Virginia,20,37.4389,-81.9374
Virginia,21,37.3592,-81.9319
Virginia,22,37.3134,-81.8619
Virginia,23,37.2872,-81.7987
Virginia,24,37.2424,-81.7259
Virginia,25,37.2008,-81.6792
Virginia,26,37.2083,-81.5549
Virginia,27,37.2588,-81.4988
Virginia,28,37.2456,-81.4856
Virginia,29,37.2742,-81.4367
Virginia,30,37.3243,-81.3675
Virginia,31,37.2653,-81.2741
Virginia,32,37.2719,-81.1560
Virginia,33,37.3025,-80.9802
Virginia,34,37.3396,-80.8566
Virginia,35,37.3876,-80.8786
Virginia,36,37.4247,-80.8511
Virginia,37,37.3702,-80.7715
Virginia,38,37.4749,-80.5518
Virginia,39,37.4792,-80.5133
Virginia,40,37.4247,-80.4803
Virginia,41,37.5097,-80.3018
Virginia,42,37.5359,-80.2798
Virginia,43,37.5380,-80.3293
Virginia,44,37.6316,-80.2249
Virginia,45,37.6903,-80.3018
Virginia,46,37.7251,-80.2551
Virginia,47,37.7707,-80.2551
Virginia,48,37.8347,-80.1961
Virginia,49,37.8749,-80.1508
Virginia,50,38.0394,-79.9722
Virginia,51,38.1302,-79.9448
Virginia,52,38.1972,-79.9063
Virginia,53,38.2684,-79.7882
Virginia,54,38.3093,-79.8129
Virginia,55,38.3589,-79.7662
Virginia,56,38.3513,-79.7401
Virginia,57,38.3869,-79.7333
Virginia,58,38.4321,-79.6893
Virginia,59,38.4987,-79.6948
Virginia,60,38.5857,-79.6495
Virginia,61,38.5492,-79.5328
Virginia,62,38.4557,-79.4724
Virginia,63,38.4149,-79.3103
Virginia,64,38.5138,-79.2087
Virginia,65,38.6576,-79.1016
Virginia,66,38.6941,-79.0851
Virginia,67,38.7112,-79.1016
Virginia,68,38.7712,-79.0576
Virginia,69,38.7926,-79.0604
Virginia,70,38.7926,-79.0247
Virginia,71,38.8504,-78.9944
Virginia,72,38.7637,-78.8736
Virginia,73,38.8857,-78.7830
Virginia,74,38.9327,-78.7198
Virginia,75,38.9071,-78.7129
Virginia,76,38.9850,-78.6291
Virginia,77,38.9658,-78.6044
Virginia,78,39.0170,-78.5522
Virginia,79,39.0384,-78.5770
Virginia,80,39.0938,-78.5083
Virginia,81,39.1492,-78.4314
Virginia,82,39.1684,-78.4039
Virginia,83,39.1939,-78.4314
Virginia,84,39.3470,-78.3380
Virginia,85,39.3853,-78.3380
Virginia,86,39.4659,-78.3469
Virginia,87,39.2283,-77.9744
Virginia,88,39.1338,-77.8302
Virginia,89,39.3130,-77.7355
Virginia,90,39.3213,-77.7090
Virginia,91,39.3043,-77.6218
Virginia,92,39.3067,-77.5686
Virginia,93,39.2248,-77.4567
Virginia,94,39.1543,-77.5226
Virginia,95,39.1277,-77.5243
Virginia,96,39.0914,-77.4687
Virginia,97,39.0720,-77.4485
Virginia,98,39.0634,-77.3427
Virginia,99,39.0456,-77.2936
Virginia,100,39.0168,-77.2459
Virginia,101,38.9829,-77.2445
Virginia,102,38.9680,-77.1834
Virginia,103,38.9250,-77.1120
Virginia,104,38.8798,-77.0464
Virginia,105,38.7538,-77.0444
Virginia,106,38.7142,-77.0409
Virginia,107,38.6635,-77.1312
Virginia,108,38.6319,-77.1285
Virginia,109,38.5935,-77.2456
Virginia,110,38.4547,-77.3094
Virginia,111,38.3904,-77.3046
Virginia,112,38.3500,-77.2188
Virginia,113,38.4041,-77.0622
Virginia,114,38.4256,-77.0265
Virginia,115,38.3039,-76.9826
Virginia,116,38.2155,-76.8851
Virginia,117,38.1745,-76.5926
Virginia,118,37.9496,-76.2424
Virginia,119,37.9561,-76.0501
Virginia,120,37.9474,-75.9416
Virginia,121,37.9085,-75.9512
Virginia,122,37.9139,-75.8002
Virginia,123,37.9539,-75.6931
Virginia,124,37.9474,-75.6477
Virginia,125,37.9962,-75.6258
Virginia,126,38.0091,-75.4596
Virginia,127,38.0373,-74.9707
Virginia,128,37.3625,-75.5777
Virginia,129,36.8994,-75.8180
Virginia,130,36.5516,-75.8043
Virginia,131,36.5516,-76.1476
Virginia,132,36.5516,-76.8617
Virginia,133,36.5516,-76.9180
Virginia,134,36.5438,-76.9180
Virginia,135,36.5505,-77.1803
Virginia,136,36.5449,-77.5278
Virginia,137,36.5427,-80.2730
Virginia,138,36.5571,-80.5971
Virginia,139,36.5626,-80.7248
Virginia,140,36.5593,-80.8511
Virginia,141,36.5681,-81.1066
Virginia,142,36.5813,-81.4746
Virginia,143,36.5802,-81.5007
Virginia,144,36.5902,-81.6792
Virginia,145,36.6122,-81.6476
Virginia,146,36.6177,-81.9237
Virginia,147,36.5935,-81.9360
Virginia,148,36.5957,-82.3961
Virginia,149,36.5935,-82.9344
Virginia,150,36.5957,-83.2654
Virginia,151,36.6023,-83.6746
Vermont,0,45.0104,-73.3427
Vermont,1,45.0134,-73.1827
Vermont,2,45.0153,-72.7432
Vermont,3,45.0134,-72.6100
Vermont,4,45.0075,-72.5551
Vermont,5,45.0090,-72.4562
Vermont,6,45.0037,-72.3113
Vermont,7,45.0066,-72.0964
Vermont,8,45.0070,-71.9131
Vermont,9,45.0138,-71.5636
Vermont,10,45.0138,-71.5059
Vermont,11,44.9748,-71.5294
Vermont,12,44.9123,-71.4949
Vermont,13,44.8296,-71.5567
Vermont,14,44.7506,-71.6281
Vermont,15,44.7077,-71.6061
Vermont,16,44.6481,-71.5677
Vermont,17,44.5817,-71.5388
Vermont,18,44.5533,-71.6006
Vermont,19,44.5308,-71.5746
Vermont,20,44.4955,-71.5883
Vermont,21,44.4504,-71.6556
Vermont,22,44.4093,-71.7146
Vermont,23,44.3975,-71.7957
Vermont,24,44.3563,-71.8163
Vermont,25,44.3327,-71.8698
Vermont,26,44.3484,-71.9138
Vermont,27,44.3386,-71.9865
Vermont,28,44.3052,-72.0346
Vermont,29,44.2432,-72.0428
Vermont,30,44.1930,-72.0662
Vermont,31,44.1349,-72.0360
Vermont,32,44.0698,-72.0580
Vermont,33,44.0017,-72.1101
Vermont,34,43.9671,-72.0937
Vermont,35,43.9088,-72.1252
Vermont,36,43.8682,-72.1733
Vermont,37,43.7899,-72.1994
Vermont,38,43.7899,-72.1994
Vermont,39,43.7384,-72.2392
Vermont,40,43.7056,-72.3010
Vermont,41,43.6391,-72.3271
Vermont,42,43.5893,-72.3436
Vermont,43,43.5814,-72.3793
Vermont,44,43.5027,-72.3972
Vermont,45,43.4988,-72.3807
Vermont,46,43.4150,-72.3999
Vermont,47,43.3601,-72.4123
Vermont,48,43.3591,-72.3903
Vermont,49,43.3282,-72.4081
Vermont,50,43.2762,-72.3999
Vermont,51,43.2342,-72.4370
Vermont,52,43.1852,-72.4493
Vermont,53,43.1311,-72.4480
Vermont,54,43.0679,-72.4507
Vermont,55,43.0067,-72.4438
Vermont,56,42.9846,-72.4699
Vermont,57,42.9645,-72.5276
Vermont,58,42.8951,-72.5331
Vermont,59,42.8639,-72.5633
Vermont,60,42.7863,-72.5098
Vermont,61,42.7652,-72.5166
Vermont,62,42.7541,-72.4741
Vermont,63,42.7289,-72.4590
Vermont,64,42.7465,-73.2761
Vermont,65,42.8025,-73.2912
Vermont,66,42.8357,-73.2850
Vermont,67,43.0679,-73.2678
Vermont,68,43.5022,-73.2472
Vermont,69,43.5615,-73.2561
Vermont,70,43.5774,-73.2939
Vermont,71,43.6271,-73.3049
Vermont,72,43.6271,-73.3557
Vermont,73,43.5675,-73.3976
Vermont,74,43.5883,-73.4326
Vermont,75,43.6351,-73.4285
Vermont,76,43.6684,-73.4079
Vermont,77,43.7031,-73.3907
Vermont,78,43.7701,-73.3516
Vermont,79,43.8207,-73.3928
Vermont,80,43.8533,-73.3832
Vermont,81,43.9033,-73.3969
Vermont,82,43.9365,-73.4086
Vermont,83,43.9795,-73.4134
Vermont,84,44.0427,-73.4381
Vermont,85,44.1058,-73.4141
Vermont,86,44.1921,-73.3928
Vermont,87,44.2393,-73.3427
Vermont,88,44.2467,-73.3186
Vermont,89,44.3484,-73.3406
Vermont,90,44.3690,-73.3385
Vermont,91,44.4328,-73.2946
Vermont,92,44.5367,-73.3296
Vermont,93,44.5919,-73.3832
Vermont,94,44.6569,-73.3770
Vermont,95,44.7477,-73.3681
Vermont,96,44.7857,-73.3317
Vermont,97,44.8043,-73.3324
Vermont,98,44.8398,-73.3818
Vermont,99,44.9040,-73.3564
Vermont,100,44.9181,-73.3392
Vermont,101,44.9643,-73.3372
Vermont,102,44.9799,-73.3537
Vermont,103,45.0046,-73.3447
Vermont,104,45.0109,-73.3447
Vermont,105,45.0104,-73.3426
Washington,0,49.0023,-123.3208
Washington,1,49.0027,-123.0338
Washington,2,49.0018,-122.0650
Washington,3,48.9973,-121.7491
Washington,4,48.9991,-121.5912
Washington,5,49.0009,-119.6082
Washington,6,49.0005,-118.0378
Washington,7,48.9996,-117.0319
Washington,8,47.9614,-117.0415
Washington,9,46.5060,-117.0394
Washington,10,46.4274,-117.0394
Washington,11,46.3498,-117.0621
Washington,12,46.3384,-117.0277
Washington,13,46.2848,-116.9879
Washington,14,46.2388,-116.9577
Washington,15,46.2022,-116.9659
Washington,16,46.1722,-116.9254
Washington,17,46.1432,-116.9357
Washington,18,46.1009,-116.9584
Washington,19,46.0785,-116.9762
Washington,20,46.0537,-116.9433
Washington,21,45.9960,-116.9165
Washington,22,46.0008,-118.0330
Washington,23,45.9998,-118.9867
Washington,24,45.9320,-119.1302
Washington,25,45.9278,-119.1708
Washington,26,45.9402,-119.2559
Washington,27,45.9354,-119.3047
Washington,28,45.9220,-119.3644
Washington,29,45.9172,-119.4386
Washington,30,45.9067,-119.4894
Washington,31,45.9249,-119.5724
Washington,32,45.9196,-119.6013
Washington,33,45.8565,-119.6700
Washington,34,45.8479,-119.8052
Washington,35,45.8278,-119.9096
Washington,36,45.8245,-119.9652
Washington,37,45.7852,-120.0710
Washington,38,45.7623,-120.1705
Washington,39,45.7258,-120.2110
Washington,40,45.7057,-120.3628
Washington,41,45.6951,-120.4829
Washington,42,45.7469,-120.5942
Washington,43,45.7460,-120.6340
Washington,44,45.7143,-120.6924
Washington,45,45.6721,-120.8558
Washington,46,45.6409,-120.9142
Washington,47,45.6572,-120.9471
Washington,48,45.6419,-120.9787
Washington,49,45.6529,-121.0645
Washington,50,45.6078,-121.1469
Washington,51,45.6083,-121.1847
Washington,52,45.6721,-121.2177
Washington,53,45.7057,-121.3392
Washington,54,45.6932,-121.4010
Washington,55,45.7263,-121.5328
Washington,56,45.7091,-121.6145
Washington,57,45.6947,-121.7361
Washington,58,45.7067,-121.8095
Washington,59,45.6452,-121.9338
Washington,60,45.6088,-122.0451
Washington,61,45.5833,-122.1089
Washington,62,45.5838,-122.1426
Washington,63,45.5660,-122.2009
Washington,64,45.5439,-122.2641
Washington,65,45.5482,-122.3321
Washington,66,45.5756,-122.3795
Washington,67,45.5636,-122.4392
Washington,68,45.6006,-122.5676
Washington,69,45.6236,-122.6891
Washington,70,45.6582,-122.7647
Washington,71,45.6817,-122.7750
Washington,72,45.7613,-122.7619
Washington,73,45.8106,-122.7962
Washington,74,45.8642,-122.7839
Washington,75,45.9120,-122.8114
Washington,76,45.9612,-122.8148
Washington,77,46.0160,-122.8587
Washington,78,46.0604,-122.8848
Washington,79,46.0832,-122.9034
Washington,80,46.1028,-122.9597
Washington,81,46.1556,-123.0579
Washington,82,46.1865,-123.1210
Washington,83,46.1893,-123.1664
Washington,84,46.1446,-123.2810
Washington,85,46.1470,-123.3703
Washington,86,46.1822,-123.4314
Washington,87,46.2293,-123.4287
Washington,88,46.2691,-123.4946
Washington,89,46.2582,-123.5557
Washington,90,46.2573,-123.6209
Washington,91,46.2497,-123.6875
Washington,92,46.2691,-123.7404
Washington,93,46.2350,-123.8729
Washington,94,46.2383,-123.9292
Washington,95,46.2677,-123.9711
Washington,96,46.2924,-124.0212
Washington,97,46.2653,-124.0329
Washington,98,46.2596,-124.2444
Washington,99,46.4312,-124.2691
Washington,100,46.8386,-124.3529
Washington,101,47.1832,-124.4380
Washington,102,47.4689,-124.5616
Washington,103,47.8012,-124.7566
Washington,104,48.0423,-124.8679
Washington,105,48.2457,-124.8679
Washington,106,48.3727,-124.8486
Washington,107,48.4984,-124.7539
Washington,108,48.4096,-124.4174
Washington,109,48.3599,-124.2389
Washington,110,48.2964,-124.0116
Washington,111,48.2795,-123.9141
Washington,112,48.2247,-123.5413
Washington,113,48.2539,-123.3998
Washington,114,48.2841,-123.2501
Washington,115,48.4233,-123.1169
Washington,116,48.4533,-123.1609
Washington,117,48.5548,-123.2220
Washington,118,48.5902,-123.2336
Washington,119,48.6901,-123.2721
Washington,120,48.7675,-123.0084
Washington,121,48.8313,-123.0084
Washington,122,49.0023,-123.3215
Wisconsin,0,42.5116,-90.6303
Wisconsin,1,42.4954,-87.0241
Wisconsin,2,43.3721,-87.1477
Wisconsin,3,43.6838,-87.1230
Wisconsin,4,44.1694,-86.9911
Wisconsin,5,44.4828,-86.8579
Wisconsin,6,44.8792,-86.6876
Wisconsin,7,45.2343,-86.2523
Wisconsin,8,45.4418,-86.7535
Wisconsin,9,45.4438,-87.1024
Wisconsin,10,45.3531,-87.1724
Wisconsin,11,45.2401,-87.3193
Wisconsin,12,45.1995,-87.4100
Wisconsin,13,45.0784,-87.4443
Wisconsin,14,45.0987,-87.6379
Wisconsin,15,45.2217,-87.6956
Wisconsin,16,45.3367,-87.6462
Wisconsin,17,45.3869,-87.6956
Wisconsin,18,45.3425,-87.8549
Wisconsin,19,45.4813,-87.7945
Wisconsin,20,45.5679,-87.7945
Wisconsin,21,45.6764,-87.7876
Wisconsin,22,45.7934,-87.9936
Wisconsin,23,45.8077,-88.1145
Wisconsin,24,45.8728,-88.0733
Wisconsin,25,45.9521,-88.1982
Wisconsin,26,46.0122,-88.5498
Wisconsin,27,45.9970,-88.7036
Wisconsin,28,46.0380,-88.8451
Wisconsin,29,46.1389,-89.0909
Wisconsin,30,46.3412,-90.1195
Wisconsin,31,46.5664,-90.4147
Wisconsin,32,47.2876,-89.9615
Wisconsin,33,47.3100,-90.6578
Wisconsin,34,46.7079,-92.0352
Wisconsin,35,46.5928,-92.2948
Wisconsin,36,46.0761,-92.2975
Wisconsin,37,46.0132,-92.3579
Wisconsin,38,45.9769,-92.5227
Wisconsin,39,45.8135,-92.7466
Wisconsin,40,45.6140,-92.8564
Wisconsin,41,45.5477,-92.7754
Wisconsin,42,45.4293,-92.6587
Wisconsin,43,45.3029,-92.7136
Wisconsin,44,44.9648,-92.7466
Wisconsin,45,44.7877,-92.7686
Wisconsin,46,44.6530,-92.6422
Wisconsin,47,44.5504,-92.3552
Wisconsin,48,44.4652,-92.2632
Wisconsin,49,44.4024,-92.0654
Wisconsin,50,44.2580,-91.8745
Wisconsin,51,44.0600,-91.6383
Wisconsin,52,43.9612,-91.4941
Wisconsin,53,43.8296,-91.3184
Wisconsin,54,43.6440,-91.2524
Wisconsin,55,43.5167,-91.2305
Wisconsin,56,43.3342,-91.2085
Wisconsin,57,43.2932,-91.0547
Wisconsin,58,43.1651,-91.1865
Wisconsin,59,43.0257,-91.1536
Wisconsin,60,42.9082,-91.1426
Wisconsin,61,42.7692,-91.0547
Wisconsin,62,42.6915,-90.7910
Wisconsin,63,42.6340,-90.7031
Wisconsin,64,42.5096,-90.6303
West Virginia,0,39.7188,-79.4765
West Virginia,1,39.2057,-79.4806
West Virginia,2,39.4871,-79.0576
West Virginia,3,39.4394,-78.9725
West Virginia,4,39.6438,-78.7747
West Virginia,5,39.5369,-78.6703
West Virginia,6,39.5210,-78.5742
West Virginia,7,39.5210,-78.4644
West Virginia,8,39.6015,-78.4094
West Virginia,9,39.6395,-78.3517
West Virginia,10,39.6205,-78.2817
West Virginia,11,39.6839,-78.2405
West Virginia,12,39.6935,-78.1732
West Virginia,13,39.5972,-77.8835
West Virginia,14,39.4987,-77.7859
West Virginia,15,39.3279,-77.7310
West Virginia,16,39.1279,-77.8271
West Virginia,17,39.4563,-78.3421
West Virginia,18,39.3407,-78.3408
West Virginia,19,39.1918,-78.4341
West Virginia,20,39.1652,-78.4053
West Virginia,21,39.0299,-78.5715
West Virginia,22,39.0160,-78.5522
West Virginia,23,38.8846,-78.7843
West Virginia,24,38.7669,-78.8722
West Virginia,25,38.8451,-78.9917
West Virginia,26,38.7102,-79.0974
West Virginia,27,38.6555,-79.1029
West Virginia,28,38.4106,-79.3007
West Virginia,29,38.4600,-79.4792
West Virginia,30,38.5342,-79.5314
West Virginia,31,38.5868,-79.6481
West Virginia,32,38.4869,-79.6962
West Virginia,33,38.4213,-79.6989
West Virginia,34,38.3557,-79.7690
West Virginia,35,38.2813,-79.7937
West Virginia,36,38.1518,-79.9365
West Virginia,37,38.0232,-79.9818
West Virginia,38,37.8835,-80.1370
West Virginia,39,37.7295,-80.2592
West Virginia,40,37.6795,-80.2881
West Virginia,41,37.6295,-80.2194
West Virginia,42,37.5391,-80.3224
West Virginia,43,37.5315,-80.2881
West Virginia,44,37.4988,-80.3032
West Virginia,45,37.4182,-80.4776
West Virginia,46,37.4814,-80.5119
West Virginia,47,37.3691,-80.7715
West Virginia,48,37.4214,-80.8635
West Virginia,49,37.3429,-80.8525
West Virginia,50,37.2872,-81.0516
West Virginia,51,37.2598,-81.2741
West Virginia,52,37.3254,-81.3675
West Virginia,53,37.2019,-81.5543
West Virginia,54,37.1953,-81.6724
West Virginia,55,37.2697,-81.7685
West Virginia,56,37.3003,-81.8701
West Virginia,57,37.3636,-81.9333
West Virginia,58,37.4574,-81.9772
West Virginia,59,37.4912,-82.0308
West Virginia,60,37.6142,-82.1558
West Virginia,61,37.8054,-82.3535
West Virginia,62,38.0481,-82.5513
West Virginia,63,38.1864,-82.6392
West Virginia,64,38.3761,-82.5966
West Virginia,65,38.4106,-82.4854
West Virginia,66,38.4407,-82.3412
West Virginia,67,38.5890,-82.2876
West Virginia,68,38.5976,-82.1764
West Virginia,69,38.7980,-82.2148
West Virginia,70,39.0160,-82.0280
West Virginia,71,38.9615,-81.9649
West Virginia,72,38.8750,-81.8756
West Virginia,73,38.9370,-81.7671
West Virginia,74,39.0117,-81.7657
West Virginia,75,39.0800,-81.7520
West Virginia,76,39.1790,-81.7465
West Virginia,77,39.2642,-81.5872
West Virginia,78,39.3969,-81.4499
West Virginia,79,39.3481,-81.3675
West Virginia,80,39.4012,-81.2370
West Virginia,81,39.4691,-81.1093
West Virginia,82,39.5644,-81.0104
West Virginia,83,39.6120,-80.9198
West Virginia,84,39.6522,-80.8319
West Virginia,85,39.8054,-80.8072
West Virginia,86,39.8802,-80.7893
West Virginia,87,39.8518,-80.7990
West Virginia,88,40.0980,-80.7495
West Virginia,89,40.2282,-80.7262
West Virginia,90,40.3926,-80.6918
West Virginia,91,40.5910,-80.6451
West Virginia,92,40.6338,-80.5188
West Virginia,93,39.7241,-80.5174
West Virginia,94,39.7209,-79.4778
Wyoming,0,41.0037,-104.0556
Wyoming,1,44.9949,-104.0584
Wyoming,2,44.9998,-111.0539
Wyoming,3,40.9986,-111.0457
Wyoming,4,41.0006,-104.0556
